-- phpMyAdmin SQL Dump
-- version 5.2.1
-- https://www.phpmyadmin.net/
--
-- Host: localhost:3306
-- Erstellungszeit: 26. Sep 2024 um 12:32
-- Server-Version: 10.11.8-MariaDB-0ubuntu0.24.04.1
-- PHP-Version: 8.3.11

SET SQL_MODE = "NO_AUTO_VALUE_ON_ZERO";
START TRANSACTION;
SET time_zone = "+00:00";


/*!40101 SET @OLD_CHARACTER_SET_CLIENT=@@CHARACTER_SET_CLIENT */;
/*!40101 SET @OLD_CHARACTER_SET_RESULTS=@@CHARACTER_SET_RESULTS */;
/*!40101 SET @OLD_COLLATION_CONNECTION=@@COLLATION_CONNECTION */;
/*!40101 SET NAMES utf8mb4 */;

--
-- Datenbank: `v078803`
--

-- --------------------------------------------------------

--
-- Tabellenstruktur für Tabelle `categories`
--

CREATE TABLE `categories` (
  `category_id` int(11) NOT NULL,
  `category_name` varchar(255) DEFAULT NULL
) ENGINE=InnoDB DEFAULT CHARSET=utf8mb4 COLLATE=utf8mb4_unicode_ci;

--
-- Daten für Tabelle `categories`
--

INSERT INTO `categories` (`category_id`, `category_name`) VALUES
(1, 'Fruchtig erfrischend'),
(2, 'Fruchtig/süß'),
(3, 'Süß/cremig'),
(4, 'Herb/Trocken'),
(5, 'alkoholfrei'),
(6, 'Heiße Getränke (Oktober bis März)'),
(7, 'Fleisch'),
(8, 'Fisch'),
(9, 'Vegetarisch'),
(10, 'Süßes');

-- --------------------------------------------------------

--
-- Tabellenstruktur für Tabelle `cocktails`
--

CREATE TABLE `cocktails` (
  `cocktail_id` int(11) NOT NULL,
  `cocktail_name` varchar(255) DEFAULT NULL,
  `cocktail_description` varchar(255) DEFAULT NULL,
  `price` float NOT NULL,
  `volume` float NOT NULL,
  `category_id` int(11) NOT NULL,
  `degree_id` int(11) NOT NULL
) ENGINE=InnoDB DEFAULT CHARSET=utf8mb4 COLLATE=utf8mb4_unicode_ci;

--
-- Daten für Tabelle `cocktails`
--

INSERT INTO `cocktails` (`cocktail_id`, `cocktail_name`, `cocktail_description`, `price`, `volume`, `category_id`, `degree_id`) VALUES
(99, 'AROUND THE WORLD', 'Eine Mischung von Rumsorten aus aller Welt (4-6 Personen)', 34, 3, 1, 6),
(100, 'TROPICAL RUM CUP', 'Leichte aromatische Rumsorten, mit tropischen Fruchtsäften (2 Pers.)', 18.2, 1, 4, 3),
(101, 'SWIMMINGPOOL', 'Der Blaue Traum aus der Südsee mit ABSOLUT VODKA (2 Pers.)', 19.5, 1, 3, 3),
(102, 'KAVA BOWL', 'Polynesiens Lieblingsdrink mit Rum zum gemeinsamen Genießen (3-4 Pers.)', 25, 1.5, 1, 4),
(103, 'KONTIKI', 'Erfrischende Mischung aus Rum, tropischen Fruchtsäften & Mandeln (3- 4 Pers.)', 24.5, 1.2, 4, 5),
(104, 'PASSION COCKTAIL', 'Ein herrlicher Gin-Cocktail von herb-süßem Geschmack', 9.5, 0.35, 2, 1),
(105, 'SIBONEY', 'Eine Daiquirizubereitung mit feinem Rum', 9.5, 0.35, 1, 1),
(106, 'CHINESE ITCH', 'Mit goldener rumherrlicher Süße', 9.5, 0.35, 2, 1),
(107, 'BLACK WIDOW', 'Southern Comfort und der typische Barbados Rum', 9.5, 0.35, 1, 1),
(108, 'GIMLET', 'Dry Gin und Roses Limes Juice ein Hauch Tequila', 9.5, 0.3, 4, 2),
(109, 'PEARL DAIQUIRI', 'Heller Rum & Limette', 9.5, 0.3, 4, 1),
(110, 'LYCHEE', 'Ein großer, kleiner Drink aus Lychees & ABSOLUT VODKA', 10, 0.5, 2, 2),
(111, 'CARUPANO', 'Limette mit Grapefruit und dem Aroma von Zuckerrohr', 10.2, 0.45, 4, 3),
(112, 'BLUE LADY', 'Gin, Limette und Blue Curacao', 9.5, 0.35, 4, 1),
(113, 'HONOLULU', 'Spezialität mit Ananas & Rum aus Hawail, eine gefrorene Köstlichkeit', 7.5, 0.5, 2, 2),
(114, 'BANANA DAIQUIRI', 'Mit Bananen und Rum', 9.8, 0.45, 3, 2),
(115, 'ROYAL HIBISCUS', 'Eine Bali Spezialitat mit Gin & Blue Curacao', 10, 0.45, 4, 3),
(116, 'ALOHA', 'Willkommen in Es Pujols', 8, 0.55, 1, 4),
(117, 'BAMBAO', 'Für alle Jäger die Rum lieben', 10, 0.5, 1, 3),
(118, 'PACIFIC PRINCE', 'Oh, wunderbar!', 10, 0.5, 1, 3),
(119, 'HURRA HURRA', 'Sie fühlen sich wie auf einer Welle im Meer', 10.2, 0.45, 1, 4),
(120, 'TREASURE', 'Exotischer Fruchtsaft mit hellem Rum', 11, 0.5, 1, 4),
(121, 'CAIPIRINHA', 'Zuckerrohr aus Brasilien und saftige Limette', 10.5, 0.35, 4, 3),
(122, 'SUFFERING BASTARD', 'Original Rezept aus Kairo!', 10.5, 0.35, 4, 3),
(123, 'KALANI GIRL', 'Schon probiert?', 11, 0.45, 3, 3),
(124, 'MENEHUNE', 'Auf Hawail: Unsichtbare Wichtelmänner,die den Menschen Gutes tun', 10.5, 0.35, 4, 3),
(125, 'ROYAL HAWAIIAN', 'Honolulus Lieblingsgetränk mit Fruchtsäften, hellem und dunklem Rum', 10.2, 0.45, 1, 3),
(126, 'KAMA AINA', ' Hawaii Coco -Klassiker- Mit Gin und Triple Sec.', 10.2, 0.45, 3, 3),
(127, 'PLANTERS PUNCH', 'Rum-Getränk mit Tradition', 10.2, 0.35, 4, 3),
(128, 'CARIBIAN QUEEN', 'Spezialität aus der Karibik', 10, 0.5, 3, 2),
(129, 'SHARK', 'Teuflisch scharfer Biss aus 73%igem Rum', 10.2, 0.35, 4, 3),
(130, 'SANSI SLING', 'Dry Gin, Limette und Likör', 10, 0.35, 4, 2),
(131, 'HONI HONI', 'Ein Bourbon-Drink mit Gewürzen & Kräutern aus Polynesien', 10.5, 0.35, 4, 3),
(132, 'BLUE HAWAII', 'Auf Hawaii beliebt: mit Blue Curacao, Rum und Ananassaft', 10.2, 0.55, 1, 4),
(133, 'PINO', 'Erfrischender Daiquiri mit Ananas & hellem Rum', 9.5, 0.5, 2, 3),
(134, 'CHEE CHEE', 'Eine schneeige Mischung aus ABSOLUT VODKA, Kokos & Ananas', 10.2, 0.5, 3, 3),
(135, 'WAHINE', 'Rum und ABSOLUT VODKA-Mischung', 10, 0.45, 1, 3),
(136, 'POGO STICK', 'Erfrischende Mischung aus Gin, Ananas und Pampelmusensaft', 10, 0.45, 4, 3),
(137, 'BARBADOS', 'Mit der besonderen Note des Barbados Rums', 9.2, 0.35, 4, 2),
(138, 'MANILA FRIO', 'Spezialität der Philippinen, Rum-Punsch mit Ananas', 10, 0.55, 1, 2),
(139, 'HUKILAU', 'Ein Getränk aus der Südsee', 10.8, 0.5, 4, 3),
(140, 'BERMUDA', 'Mit Vorsicht zu genießen, sehr aromatisch aber stark', 12.2, 0.7, 1, 6),
(141, 'HEAD WIND', 'Dieser Cocktail wird zu einem Twist', 12.2, 0.7, 1, 6),
(142, 'FOG-CUTTER', 'Trinken sie langsam und genießen Sie das wunderbare Aroma der Exotik', 12.2, 0.7, 1, 6),
(143, 'SEA SHELL', 'Leicht und einfach zu trinken Cocktailkirschen und Rum', 10.2, 0.5, 4, 3),
(144, 'KAHUNA', 'Rumgenuss bei Sonnenuntergang', 10.2, 0.7, 4, 6),
(145, 'WANGANUI', 'Ein vollendeter Genuss durch aromatischen Kiwi-Likör', 10.2, 0.5, 1, 3),
(146, 'ANTIGUA', 'Eine geheimnisvolle Mischung aus der Bananenrepublik', 10.2, 0.5, 1, 3),
(147, 'MAITAI OWN PUNCH', 'Erfrischend, mit polynesischem Aroma & Dry Orangenlikör', 9, 0.45, 5, 1),
(148, 'TROPICAL ITCH', 'Eine beglückende Abwechslung mit Bourbon & Jamalka Rum', 10.2, 0.7, 4, 6),
(149, 'VOLCANO', 'Ein Drink für geübte Genießer (mit Guaven-Nektar)', 11.2, 0.7, 1, 4),
(150, 'TEQUILA SUNRISE', 'Tequila Punch mit einem Hauch von Grenadine', 10.2, 0.35, 4, 2),
(151, 'PISCO SOUR', 'Süß-Sauer aus Peru', 10.2, 0.5, 4, 2),
(152, 'SAMSONS', 'Ein echtes Rum-Getränk mit Grenadine', 11.8, 0.5, 4, 5),
(153, 'SAMOA SALOMON', 'Erfrischender Drink mit Rum. Rau aber herzlich', 11.2, 0.55, 1, 4),
(154, 'BABALU', 'Erfrischendes Getränk Rum, Ananas und Pampelmusensaft', 9.8, 0.45, 4, 3),
(155, 'ZOMBIE', 'aus Jamaika Rum', 12.2, 0.5, 1, 5),
(156, 'PINA COLADA', 'Lecker.. Kokosmischung mit hellem Rum', 10.2, 0.5, 3, 3),
(157, 'PINKY GONZALES', 'Trinken Sie gerne Tequila? Ein Versuch lohnt sich...', 10.5, 0.35, 4, 3),
(158, 'ORCHID', 'Eine besondere Kreation für Es Pujols', 10.8, 0.55, 1, 3),
(159, 'MAITAI', 'Das beste in Tahiti !!', 10.2, 0.35, 4, 3),
(160, 'DR. FUNK', 'Sieht unschuldig aus. Aber..Rezeptpflichtig', 10.2, 0.5, 4, 3),
(161, 'SCOTLAND SOUR', 'Trinken Sie gerne Scotch Whiskey?', 10.2, 0.35, 4, 3),
(162, 'EXOTIC RUM PUNCH', 'Feinster Rum, Früchte, exotisch - geheimnisvoll im Geschmack', 10.2, 0.35, 1, 3),
(163, 'WAIKIKI', 'Eine exotische Mischung aus Waikiki', 10.2, 0.45, 2, 3),
(164, 'CHOCO COLADA', 'Pina Colada mit Schokoladenmilch', 10.2, 0.5, 3, 3),
(165, 'RUBY', 'Ein ABSOLUT VODKA -Cocktail mit Preiselbeere', 9.5, 0.35, 1, 2),
(166, 'BLOODY MARY', 'Gewürzter Tomatensaft mit einem Schuss ABSOLUT VODKA', 9.5, 0.35, 1, 2),
(167, 'TIKI GROG', 'Tropischer, eisiger Grog zubereitet aus feinstem Rum', 10.5, 0.35, 4, 3),
(168, 'BIRD', 'Kokosnuss & Blue Curacao beflügeln', 10.2, 0.5, 3, 3),
(169, 'TIKI BOWL', 'Rum Cocktail! Könnte Ihr Favorit werden', 10.8, 0.5, 2, 3),
(170, 'TAHITIAN GROG', 'Eine heftig eisige Grogmischung', 10.2, 0.5, 1, 3),
(171, 'MAUI FIZZ', 'Leichter Geschmack mit Rum und Ananas. Ein Aristokrat von der Insel Maui.', 10.2, 0.5, 1, 2),
(172, 'TONGA PUNCH', 'Erfrischender Drink von der Insel Tonga. Heller Rum mit Früchten', 10, 0.5, 1, 3),
(173, 'SCORPION', 'Eine überaus beliebte Mischung aus Weinbrand und Rum', 11, 0.55, 1, 3),
(174, 'PATTAYA', 'Thailändische Spezialität', 10.2, 0.45, 3, 3),
(175, 'KONTIKI SOUR', 'Amerikanische Spezialität (Southern Comfort & Fruchtsäfte)', 10.2, 0.35, 1, 3),
(176, 'HURRICANE', 'Eine Mischung aus Rum, Maracuja und exotischen Säften', 10.2, 0.45, 1, 3),
(177, 'NIRVANA ', 'Zart erfrischend mit dem Aroma von Rum', 10.2, 0.5, 1, 3),
(178, 'MOLOKAI', 'Zwei Drinks in einem Glas.', 10.8, 0.62, 1, 3),
(179, 'BIRD OF PARADISE', 'Eine Attraktion aus dem Hause La Mediterranea mit dem Aroma von Bananenlikor', 10.2, 0.45, 3, 2),
(180, 'PEACH TREE PUNCH', 'Herrlich fruchtig aus Rum & Pfirsichfrüchten', 10.5, 0.5, 3, 3),
(181, 'BAHIA', 'weißer und brauner Rum', 10.2, 0.45, 3, 3),
(182, 'TORTUGA', 'Polynesische Spezialität. Ein Schluck und Du siehst Tahiti', 10.8, 0.5, 4, 4),
(183, 'SANSI SOUR', 'Eine ganz besondere Creation aus Weinbrand', 10.2, 0.35, 4, 3),
(184, 'BANGKOK GALAXY', 'Ein exotischer Drink mit Galliano Likör', 9, 0.45, 1, 3),
(185, 'GOLDEN COLADA', 'Eine Mischung aus Kokosnuss, Galliano-Likör', 11, 0.45, 3, 4),
(186, 'TAHITIAN PUNCH', 'Eine geheimnisvolleMischung aus Gin und Passionsfruchtnektar', 10.2, 0.5, 1, 3),
(187, 'VOODOO', 'Hawaianischer Kokos- ABSOLUT VODKA -Genuss', 10.2, 0.5, 1, 3),
(188, 'INDIAN STAIN', 'Frisch-Sauer, Jamaika Rum und Preiselbeersaft', 10.2, 0.5, 1, 4),
(189, 'ZAMBOANGA', 'Vielleicht Dein Lieblingsgetränk aus den Süd-Philippinen.', 10.2, 0.5, 1, 3),
(190, 'MAHUKONA', 'Longdrink mit Southern Comfort.Zum Probieren zu empfehlen.', 10.5, 0.5, 1, 3),
(191, 'MEKHONG SOUR', 'Das Lieblingsgetränk in Thailand', 10.2, 0.35, 1, 3),
(192, 'KAMIKAZE', 'Die Bedeutung ist bekannt!', 10.8, 0.5, 4, 4),
(193, 'PHUKET SUNRISE', 'Campari & Fruchtsäfte', 10.8, 0.5, 4, 4),
(194, 'FIJI', 'Tropische Mischung mit der Süße von Ahornsirup', 10.8, 0.5, 4, 3),
(195, 'WESTERN SOUR', 'Probiere mal einen Bourbon Drink', 10.2, 0.35, 1, 3),
(196, 'THE BEACH', 'Das Lieblingsgetränk von Leonardo di Caprio', 11.5, 0.5, 3, 4),
(197, 'SUNAMI', 'Der Brecher in der Woge', 10.2, 0.62, 1, 5),
(198, 'KAMASUTRA', 'Die Erfüllung', 11.2, 0.5, 1, 5),
(199, 'GUADULOUPE', 'Land der schönen Gewässer', 10.5, 0.55, 4, 4),
(200, 'MAYAGUANA', 'Hawaiianischer, tropischer Genuss', 10.2, 0.35, 1, 2),
(201, 'LA PUNTA', 'Trocken herbe Mischung aus Venezuela', 11, 0.55, 4, 3),
(202, 'HABANA', 'Ein beliebtes erfrischendes Getränk', 9.2, 0.5, 1, 5),
(203, 'CARIBEAN SUN', 'Genießen Sie heiße Höschen auf Eis', 10.2, 0.5, 4, 3),
(204, 'BARBUDA', 'Originalgetränk aus Seattle', 11, 0.45, 4, 4),
(205, 'ARUBA', 'Geschmackvoller leichter Drink mit Pfirsichlikör', 11.8, 0.5, 1, 4),
(206, 'LA FLORIDA', 'Wunderschön zum Genießen', 11, 0.62, 1, 4),
(207, 'BALI', 'Einmal Bali - Immer Bali', 10.2, 0.62, 2, 4),
(208, 'BARAHONA', 'Southern Comfort mit einer besonders lieblichen Note', 11, 0.5, 1, 4),
(209, 'FRUIT PUNCH', 'Erfrischende Mischung aus verschiedenen Fruchtsäften', 7.8, 0.45, 5, 0),
(210, 'OAHU COOLER', 'Kokosnuss mit dem Aroma von Himbeeren', 7.5, 0.45, 5, 0),
(211, 'JAMAIKA', 'Ananasdrink mit verschiedenen Säften. Ein Favorit aus Jamaika.', 8, 0.45, 5, 0),
(212, 'HAWAII COCO', 'Pinacoco mit einem Schuss Grenadine', 7.8, 0.45, 5, 0),
(213, 'COCO BANANA', 'Süß undCremig, Bananenmilch Cocktail auf Karibische Art', 8, 0.45, 5, 0),
(214, 'CHOCO COCO', 'Schokoladenmilch mit Kokosnussaroma', 7.8, 0.45, 5, 0),
(215, 'PINO NO', 'Erfrischend gut einfach mit Ananas', 7.8, 0.45, 5, 0),
(216, 'PINA COCO', 'Pina Colada - Ohne Alkohol', 7.5, 0.45, 5, 0),
(217, 'ST. LUCIA', 'Herb Trocken mit Mandelaroma', 8, 0.375, 5, 0),
(218, 'LA ROMANA', 'liebliche Mischung mit Erdbeergeschmack', 8, 0.375, 5, 0),
(219, 'PEACH', 'Pfirsiche mit Kokosnuss und tropischen Fruchtsäften', 8.8, 0.5, 5, 0),
(220, 'VICHI', 'Eine süße Mischung wie ein Engelskuss', 9, 0.375, 3, 1),
(221, 'WHITE CLOUD', 'ABSOLUT VODKA, Creme de Kakao und Kokosnuss', 9, 0.4, 3, 1),
(222, 'SIAMESE CAT', 'Spezialität des Barmixers. Das Rezept ein Geheimnis!', 9, 0.4, 3, 1),
(223, 'HOT RUM GROG', '', 8.2, 0.35, 6, 2),
(224, 'TAHITIAN COFFEE', '', 8, 0.3, 6, 1),
(225, 'CARIBEAN HOT SWIZZEL', '', 9.5, 0.35, 6, 2),
(226, 'MAITAI COFFEE', '', 7.5, 0.3, 6, 0),
(227, 'Porn Star Martini', 'Einzigartige Balance von Vanille, Limmette und Maracuja', 12.2, 0.5, 2, 4),
(500, 'LONG ISLAND ICED TEA', 'be leery- it can over power you', 12.2, 0.5, 4, 5),
(501, 'SPRINGTIME SPEZIAL', 'Erfrischend fruchtig, weckt Frühlingsgefühle', 11.5, 0.5, 1, 3),
(502, 'DR. FUNK\'S SON', 'Noch schlimmer als sein Vater', 11.8, 0.5, 4, 6),
(503, 'KUBANA', 'Der echte Kubaner', 11.2, 0.35, 4, 4),
(506, 'Dr FU MAN CHU', 'Oh, Oh, Oh', 14.5, 0.45, 1, 5),
(507, 'QUEEN\'S PARK SWIZZEL', 'Oh, Einer sollte reichen...', 13, 0.55, 4, 6),
(508, 'ERDBEER DAIQUIRI', 'Überraschung (saisonbedingt)', 10.8, 0.5, 2, 2),
(509, 'MAAMUANG', 'Probier ihn mal aus', 10.2, 0, 1, 3),
(512, 'BANANA PARADISE', 'Einfach köstlich!', 9.5, 0.45, 3, 2),
(513, 'LAWA FLOW', '...einfach genießen...', 9.5, 0.45, 3, 3),
(516, 'MOJITO', 'Mit der Frische von Minze', 10.2, 0.35, 4, 4),
(518, 'CAIPIROSKA', 'Herb*Trocken*Lecker', 10.2, 0.35, 4, 0),
(519, 'SEX ON THE BEACH', 'Worauf wartest Du?', 10.2, 0.45, 1, 3),
(522, 'YAMAMOMO', 'Überraschung mit Schaumwein', 10.2, 0.125, 2, 1),
(523, 'SWEET ROSE', 'Der Name spricht für sich', 9.5, 0.4, 2, 2),
(532, 'SAMUI', 'Der Name spricht für sich', 10.5, 0.45, 1, 2);

-- --------------------------------------------------------

--
-- Tabellenstruktur für Tabelle `conditions`
--

CREATE TABLE `conditions` (
  `condition_id` int(11) NOT NULL,
  `condition_name` varchar(255) DEFAULT NULL
) ENGINE=InnoDB DEFAULT CHARSET=utf8mb4 COLLATE=utf8mb4_unicode_ci;

--
-- Daten für Tabelle `conditions`
--

INSERT INTO `conditions` (`condition_id`, `condition_name`) VALUES
(1, 'geöffnet'),
(2, 'geschlossen');

-- --------------------------------------------------------

--
-- Tabellenstruktur für Tabelle `days`
--

CREATE TABLE `days` (
  `day_id` int(11) NOT NULL,
  `day_name` varchar(255) DEFAULT NULL,
  `condition_id` int(11) DEFAULT NULL
) ENGINE=InnoDB DEFAULT CHARSET=utf8mb4 COLLATE=utf8mb4_unicode_ci;

--
-- Daten für Tabelle `days`
--

INSERT INTO `days` (`day_id`, `day_name`, `condition_id`) VALUES
(1, 'Montag', 2),
(2, 'Dienstag', 2),
(3, 'Mittwoch', 1),
(4, 'Donnerstag', 1),
(5, 'Freitag', 1),
(6, 'Samstag', 1),
(7, 'Sonntag', 1);

-- --------------------------------------------------------

--
-- Tabellenstruktur für Tabelle `degrees`
--

CREATE TABLE `degrees` (
  `degree_id` int(11) NOT NULL,
  `degree_name` varchar(20) DEFAULT NULL
) ENGINE=InnoDB DEFAULT CHARSET=utf8mb4 COLLATE=utf8mb4_unicode_ci;

--
-- Daten für Tabelle `degrees`
--

INSERT INTO `degrees` (`degree_id`, `degree_name`) VALUES
(1, '◼︎◻︎◻︎◻︎◻︎◻︎'),
(2, '◼︎◼︎◻︎◻︎◻︎◻︎'),
(3, '◼︎◼︎◼︎◻︎◻︎◻︎'),
(4, '◼︎◼︎◼︎◼︎◻︎◻︎'),
(5, '◼︎◼︎◼︎◼︎◼︎◻︎'),
(6, '◼︎◼︎◼︎◼︎◼︎◼︎');

-- --------------------------------------------------------

--
-- Tabellenstruktur für Tabelle `emails`
--

CREATE TABLE `emails` (
  `email_id` int(11) NOT NULL,
  `email` varchar(255) DEFAULT NULL
) ENGINE=InnoDB DEFAULT CHARSET=utf8mb4 COLLATE=utf8mb4_unicode_ci;

--
-- Daten für Tabelle `emails`
--

INSERT INTO `emails` (`email_id`, `email`) VALUES
(1, 'irina@la-mediterranea.eu'),
(2, 'hiba@la-mediterranea.eu'),
(3, 'puya@la-mediterranea.eu'),
(4, 'heiko@la-mediterranea.eu'),
(5, 'freddy.mercury@queen.com'),
(6, 'tina@turner.com'),
(7, 'tafkap@prince.com'),
(8, 'lenny@motorhead.com'),
(9, 'michael@neverland.biz'),
(10, 'robbie@motionsystems.com'),
(11, 'amy@vine.house'),
(12, 'kurt.cobain@nirvana.rocks'),
(13, 'chester.bennigton@linkin-park.rocks'),
(14, 'chris.cross@ultravox.rocks'),
(15, 'andrew.fletcher@dm.rocks'),
(16, 'ennio@morricone.rocks'),
(17, 'ric.ocasek@thecars.rocks'),
(18, 'tim.bergling@avicii.rocks'),
(19, 'aretha@franklin.rocks'),
(20, 'malcolm.young@acdc.rocks'),
(21, 'david@bowie.rocks'),
(22, 'george.michael@wham.com'),
(23, 'guru@josh.rocks'),
(24, 'joe@cocker.rocks'),
(25, 'udo@juergens.at');

-- --------------------------------------------------------

--
-- Tabellenstruktur für Tabelle `hours`
--

CREATE TABLE `hours` (
  `hour_id` int(11) NOT NULL,
  `hour_start` time DEFAULT NULL,
  `day_id` int(11) DEFAULT NULL,
  `condition_id` int(11) DEFAULT NULL
) ENGINE=InnoDB DEFAULT CHARSET=utf8mb4 COLLATE=utf8mb4_unicode_ci;

--
-- Daten für Tabelle `hours`
--

INSERT INTO `hours` (`hour_id`, `hour_start`, `day_id`, `condition_id`) VALUES
(1, '17:00:00', 1, 2),
(2, '19:00:00', 1, 2),
(3, '21:00:00', 1, 2),
(4, '17:00:00', 2, 2),
(5, '19:00:00', 2, 2),
(6, '21:00:00', 2, 2),
(7, '17:00:00', 3, 2),
(8, '19:00:00', 3, 2),
(9, '21:00:00', 3, 1),
(10, '17:00:00', 4, 1),
(11, '19:00:00', 4, 1),
(12, '21:00:00', 4, 2),
(13, '17:00:00', 5, 1),
(14, '19:00:00', 5, 1),
(15, '21:00:00', 5, 1),
(16, '17:00:00', 6, 1),
(17, '19:00:00', 6, 1),
(18, '21:00:00', 6, 1),
(19, '17:00:00', 7, 1),
(20, '19:00:00', 7, 1),
(21, '21:00:00', 7, 2);

-- --------------------------------------------------------

--
-- Tabellenstruktur für Tabelle `locations`
--

CREATE TABLE `locations` (
  `location_id` int(11) NOT NULL,
  `location_name` varchar(255) DEFAULT NULL
) ENGINE=InnoDB DEFAULT CHARSET=utf8mb4 COLLATE=utf8mb4_unicode_ci;

--
-- Daten für Tabelle `locations`
--

INSERT INTO `locations` (`location_id`, `location_name`) VALUES
(1, 'Strandbar'),
(2, 'Restaurant');

-- --------------------------------------------------------

--
-- Tabellenstruktur für Tabelle `menues`
--

CREATE TABLE `menues` (
  `menu_id` int(11) NOT NULL,
  `menu_name` varchar(255) DEFAULT NULL,
  `menu_ingredients` varchar(255) DEFAULT NULL,
  `menu_price` float NOT NULL,
  `category_id` int(11) NOT NULL
) ENGINE=InnoDB DEFAULT CHARSET=utf8mb4 COLLATE=utf8mb4_unicode_ci;

--
-- Daten für Tabelle `menues`
--

INSERT INTO `menues` (`menu_id`, `menu_name`, `menu_ingredients`, `menu_price`, `category_id`) VALUES
(1, 'Rinderfilet mit Rotweinsauce', 'Rinderfilet, Rotwein, Rinderfond, Butter, Salz, Pfeffer', 23.5, 7),
(2, 'Hähnchen-Curry mit Basmatireis', 'Hähnchenbrust, Currypaste, Kokosmilch, Gemüse, Basmatireis', 17.9, 7),
(3, 'Beef Burger', 'Rinderhackfleisch, Burgerbrötchen, Cheddar-Käse, Salat, Tomate, Zwiebel', 19.09, 7),
(4, 'Schweinefilet mit Champignon-Rahmsauce', 'Schweinefilet, Champignons, Sahne, Wein, Butter, Knoblauch', 15.7, 7),
(5, 'Lammkoteletts mit Rosmarin-Kartoffeln', 'Lammkoteletts, Kartoffeln, Rosmarin, Olivenöl, Knoblauch', 20.5, 7),
(6, 'Spaghetti Bolognese', 'Hackfleisch, Tomaten, Zwiebeln, Möhren, Sellerie, Spaghetti', 11.5, 7),
(7, 'Rinderrouladen mit Rotkohl und Klößen', 'Rinderrouladen, Rotkohl, Kartoffelklöße, Soße, Preiselbeeren', 21.3, 7),
(8, 'Hähnchensalat mit Avocado', 'Hähnchenbrust, Avocado, Salat, Tomaten, Dressing', 16.7, 7),
(9, 'Chili con Carne', 'Hackfleisch, Bohnen, Tomaten, Paprika, Chili, Reis', 12, 7),
(10, 'Pasta Carbonara', 'Spaghetti, Speck, Eier, Parmesan, Pfeffer', 12, 7),
(11, 'Gebratener Lachs mit Zitronen-Kräuter-Butter', 'Lachsfilet, Zitrone, Kräuterbutter, Salz, Pfeffer', 20.5, 8),
(12, 'Garnelenspieße mit Knoblauch und Zitrone', 'Garnelen, Knoblauch, Zitrone, Olivenöl, Salz, Pfeffer', 20.7, 8),
(13, 'Thunfischsteak mit Sesamkruste', 'Thunfischsteak, Sesam, Sojasauce, Ingwer, Honig', 19.7, 8),
(14, 'Calamari Fritti mit Aioli', 'Tintenfischringe, Mehl, Ei, Knoblauch, Zitrone, Mayonnaise', 16.9, 8),
(15, 'Forelle Müllerin Art', 'Forellenfilet, Mehl, Butter, Zitrone, Petersilie', 20.5, 8),
(16, 'Scampi in Knoblauchbutter', 'Scampi, Knoblauch, Butter, Petersilie, Weißwein', 20.5, 8),
(17, 'Lachs-Ceviche mit Avocado', 'Lachsfilet, Limettensaft, Avocado, Zwiebel, Koriander', 21, 8),
(18, 'Muscheln in Weißweinsauce', 'Miesmuscheln, Weißwein, Knoblauch, Petersilie, Sahne', 23, 8),
(19, 'Gebratene Jakobsmuscheln mit Spargel', 'Jakobsmuscheln, Spargel, Butter, Zitrone, Salz, Pfeffer', 23, 8),
(20, 'Seeteufel mit Tomaten-Oliven-Salsa', 'Seeteufel, Tomaten, Oliven, Kapern, Knoblauch, Petersilie', 21.5, 8),
(21, 'Vegetarische Gemüsepfanne', 'Paprika, Zucchini, Aubergine, Champignons, Olivenöl, Kräuter', 10.5, 9),
(22, 'Quinoa-Salat mit geröstetem Gemüse', 'Quinoa, Paprika, Zucchini, Kirschtomaten, Feta-Käse, Olivenöl', 10.5, 9),
(23, 'Spinat-Ricotta-Lasagne', 'Lasagneblätter, Spinat, Ricotta, Tomatensauce, Mozzarella', 10.5, 9),
(24, 'Gebackener Feta mit Honig und Thymian', 'Feta-Käse, Honig, Thymian, Olivenöl, Oliven', 9.5, 9),
(25, 'Gemüsecurry mit Kokosmilch', 'Gemüse nach Wahl, Kokosmilch, Currypaste, Basmatireis', 10.5, 9),
(26, 'Caprese Salat', 'Tomaten, Mozzarella, Basilikum, Olivenöl, Balsamico', 8.5, 9),
(27, 'Süßkartoffel-Quiche', 'Süßkartoffeln, Eier, Sahne, Käse, Lauch, Blätterteig', 9.5, 9),
(28, 'Ratatouille', 'Aubergine, Zucchini, Paprika, Tomaten, Knoblauch, Kräuter', 9.5, 9),
(29, 'Pilzrisotto', 'Risotto-Reis, Pilze, Gemüsebrühe, Weißwein, Parmesan', 9.5, 9),
(30, 'Gemüse-Burger mit Avocado', 'Gemüse-Patties, Burgerbrötchen, Avocado, Salat, Tomate', 9.5, 9),
(31, 'Schokoladen-Brownies', 'Schokolade, Butter, Zucker, Eier, Mehl, Nüsse', 3.5, 10),
(32, 'Apfel-Crumble mit Vanillesauce', 'Äpfel, Haferflocken, Butter, Zucker, Zimt, Vanillesauce', 3.75, 10),
(33, 'Erdbeer-Tiramisu', 'Erdbeeren, Löffelbiskuits, Mascarpone, Zucker, Kaffee, Kakao', 4, 10),
(34, 'Zitronen-Mohn-Kuchen', 'Zitrone, Mohn, Butter, Zucker, Mehl, Eier', 3.75, 10),
(35, 'Beeren-Panna Cotta', 'Beeren, Sahne, Gelatine, Zucker, Vanille', 3.75, 10),
(36, 'Bananen-Split', 'Bananen, Eis, Sahne, Schokoladensauce, Nüsse', 4.25, 10),
(37, 'Kaiserschmarrn mit Apfelmus', 'Mehl, Eier, Milch, Rosinen, Puderzucker, Apfelmus', 5, 10),
(38, 'Himbeer-Mousse', 'Himbeeren, Sahne, Zucker, Gelatine, Zitrone', 4.5, 10),
(39, 'Crêpes mit Nutella und Banane', 'Crêpes, Nutella, Bananen, Schokoladensauce', 3.5, 10),
(40, 'Vanillepudding mit Karamellsauce', 'Milch, Vanille, Zucker, Maisstärke, Karamellsauce', 3.25, 10);

-- --------------------------------------------------------

--
-- Tabellenstruktur für Tabelle `months`
--

CREATE TABLE `months` (
  `month_id` int(11) NOT NULL,
  `month_name` varchar(255) DEFAULT NULL,
  `condition_id` int(11) DEFAULT NULL
) ENGINE=InnoDB DEFAULT CHARSET=utf8mb4 COLLATE=utf8mb4_unicode_ci;

--
-- Daten für Tabelle `months`
--

INSERT INTO `months` (`month_id`, `month_name`, `condition_id`) VALUES
(1, 'Januar', 2),
(2, 'Februar', 2),
(3, 'März', 2),
(4, 'April', 1),
(5, 'Mai', 1),
(6, 'Juni', 1),
(7, 'Juli', 1),
(8, 'August', 1),
(9, 'September', 1),
(10, 'Oktober', 1),
(11, 'November', 2),
(12, 'Dezember', 2);

-- --------------------------------------------------------

--
-- Tabellenstruktur für Tabelle `persons`
--

CREATE TABLE `persons` (
  `person_id` int(11) NOT NULL,
  `person_first_name` varchar(255) DEFAULT NULL,
  `person_last_name` varchar(255) DEFAULT NULL,
  `role_id` int(11) NOT NULL,
  `email_id` int(11) DEFAULT NULL
) ENGINE=InnoDB DEFAULT CHARSET=utf8mb4 COLLATE=utf8mb4_unicode_ci;

--
-- Daten für Tabelle `persons`
--

INSERT INTO `persons` (`person_id`, `person_first_name`, `person_last_name`, `role_id`, `email_id`) VALUES
(1, 'Irina', 'Zittlau', 1, 1),
(2, 'Hiba', 'Al-Anssari', 2, 2),
(3, 'Puya', 'Khandany', 3, 3),
(4, 'Heiko', 'Fanieng', 4, 4),
(5, 'Freddy', 'Mercury', 6, 5),
(6, 'Tina', 'Turner', 6, 6),
(7, 'Prince Rogers', 'Nelson', 6, 7),
(8, 'Lemmy', 'Kilmister', 6, 8),
(9, 'Michael', 'Jackson', 6, 9),
(10, 'Robbie', 'Zieger', 6, 10),
(11, 'Amy', 'Winehouse', 6, 11),
(12, 'Kurt', 'Cobain', 6, 12),
(13, 'Chester', 'Bennigton', 6, 13),
(14, 'Chris', 'Cross', 6, 14),
(15, 'Andrew', 'Fletcher', 6, 15),
(16, 'Ennio', 'Morricone', 6, 16),
(17, 'Ric', 'Ocasek', 6, 17),
(18, 'Tim', 'Bergling', 6, 18),
(19, 'Aretha', 'Franklin', 6, 19),
(20, 'Malcolm', 'Young', 6, 20),
(21, 'David', 'Bowie', 6, 21),
(22, 'George', 'Michael', 6, 22),
(23, 'Josh', 'Guru', 6, 23),
(24, 'Joe', 'Cocker', 6, 24),
(25, 'Udo', 'Jürgens', 6, 25);

-- --------------------------------------------------------

--
-- Tabellenstruktur für Tabelle `places`
--

CREATE TABLE `places` (
  `place_id` int(11) NOT NULL,
  `place_name` varchar(255) DEFAULT NULL,
  `day_id` int(11) DEFAULT NULL,
  `hour_id` int(11) DEFAULT NULL,
  `host_id` int(11) DEFAULT NULL,
  `guest_id` int(11) DEFAULT NULL,
  `state_id` int(11) DEFAULT NULL,
  `location_id` int(11) DEFAULT NULL,
  `table_id` int(11) DEFAULT NULL
) ENGINE=InnoDB DEFAULT CHARSET=utf8mb4 COLLATE=utf8mb4_unicode_ci;

--
-- Daten für Tabelle `places`
--

INSERT INTO `places` (`place_id`, `place_name`, `day_id`, `hour_id`, `host_id`, `guest_id`, `state_id`, `location_id`, `table_id`) VALUES
(1, 'Stuhl 01', NULL, NULL, NULL, NULL, 1, 2, 1),
(2, 'Stuhl 02', NULL, NULL, NULL, NULL, 1, 2, 1),
(3, 'Stuhl 03', NULL, NULL, NULL, NULL, 1, 2, 1),
(4, 'Stuhl 04', NULL, NULL, NULL, NULL, 1, 2, 1),
(5, 'Stuhl 05', NULL, NULL, NULL, NULL, 1, 2, 2),
(6, 'Stuhl 06', NULL, NULL, NULL, NULL, 1, 2, 2),
(7, 'Stuhl 07', NULL, NULL, NULL, NULL, 1, 2, 2),
(8, 'Stuhl 08', NULL, NULL, NULL, NULL, 1, 2, 2),
(9, 'Stuhl 09', NULL, NULL, NULL, NULL, 1, 2, 3),
(10, 'Stuhl 10', NULL, NULL, NULL, NULL, 1, 2, 3),
(11, 'Stuhl 11', NULL, NULL, NULL, NULL, 1, 2, 3),
(12, 'Stuhl 12', NULL, NULL, NULL, NULL, 1, 2, 3),
(13, 'Stuhl 13', NULL, NULL, NULL, NULL, 1, 2, 4),
(14, 'Stuhl 14', NULL, NULL, NULL, NULL, 1, 2, 4),
(15, 'Stuhl 15', NULL, NULL, NULL, NULL, 1, 2, 4),
(16, 'Stuhl 16', NULL, NULL, NULL, NULL, 1, 2, 4),
(17, 'Hocker 01', NULL, NULL, NULL, NULL, 1, 1, 5),
(18, 'Hocker 02', NULL, NULL, NULL, NULL, 1, 1, 5),
(19, 'Hocker 03', NULL, NULL, NULL, NULL, 1, 1, 5),
(20, 'Hocker 04', NULL, NULL, NULL, NULL, 1, 1, 5),
(21, 'Hocker 05', NULL, NULL, NULL, NULL, 1, 1, 5),
(22, 'Hocker 06', NULL, NULL, NULL, NULL, 1, 1, 5);

-- --------------------------------------------------------

--
-- Tabellenstruktur für Tabelle `playlist`
--

CREATE TABLE `playlist` (
  `track_id` int(11) NOT NULL,
  `track_artist` varchar(255) DEFAULT NULL,
  `track_bpm` float DEFAULT NULL,
  `track_device` varchar(255) DEFAULT NULL,
  `track_genre` varchar(255) DEFAULT NULL,
  `track_key` varchar(255) DEFAULT NULL,
  `track_label` varchar(255) DEFAULT NULL,
  `track_title` varchar(255) DEFAULT NULL,
  `track_timestamp` timestamp NOT NULL DEFAULT '0000-00-00 00:00:00' ON UPDATE current_timestamp(),
  `rekordbox_id` int(11) NOT NULL
) ENGINE=InnoDB DEFAULT CHARSET=utf8mb4 COLLATE=utf8mb4_unicode_ci;

--
-- Daten für Tabelle `playlist`
--

INSERT INTO `playlist` (`track_id`, `track_artist`, `track_bpm`, `track_device`, `track_genre`, `track_key`, `track_label`, `track_title`, `track_timestamp`, `rekordbox_id`) VALUES
(1, 'Depeche Mode', 93.73, 'XDJ-XZ', NULL, NULL, NULL, 'A Question Of Lust', '2024-07-21 09:44:42', 7733),
(2, 'Depeche Mode', 113.7, 'XDJ-XZ', NULL, NULL, NULL, 'Everthing Counts', '2024-07-21 09:48:25', 7735),
(3, 'Depeche Mode', 119.99, 'XDJ-XZ', NULL, NULL, 'Columbia/Mute', 'Broken', '2024-07-21 09:57:17', 7737),
(4, 'Depeche Mode', 127.87, 'XDJ-XZ', NULL, NULL, NULL, 'I Feel Loved', '2024-07-21 10:01:06', 7738),
(5, 'Depeche Mode', 154.99, 'XDJ-XZ', NULL, NULL, NULL, 'Photographic (Live @ Hammersmith Odeon 1982)', '2024-07-21 10:05:28', 7739),
(6, 'Depeche Mode', 106.09, 'XDJ-XZ', NULL, NULL, NULL, 'Never Let Me Down Again', '2024-07-21 10:09:28', 7740),
(7, 'Depeche Mode', 110.07, 'XDJ-XZ', NULL, NULL, NULL, 'The Things You Said', '2024-07-21 10:14:18', 7741),
(8, 'Depeche Mode', 118.9, 'XDJ-XZ', NULL, NULL, NULL, 'Strangelove', '2024-07-21 10:18:22', 7742),
(9, 'Depeche Mode', 125.07, 'XDJ-XZ', NULL, NULL, NULL, 'Behind The Wheel', '2024-07-21 10:23:20', 7743),
(10, 'Depeche Mode', 131.87, 'XDJ-XZ', NULL, NULL, NULL, 'Pleasure, Little Treasure', '2024-07-21 10:28:39', 7744),
(11, 'Depeche Mode', 131, 'XDJ-XZ', NULL, NULL, NULL, 'Suffer Well', '2024-07-21 10:34:18', 7745),
(12, 'Depeche Mode', 84.97, 'XDJ-XZ', NULL, NULL, NULL, 'The Sinner In Me', '2024-07-21 10:38:08', 7746),
(13, 'Depeche Mode', 104.99, 'XDJ-XZ', NULL, NULL, NULL, 'Precious', '2024-07-21 10:43:05', 7747),
(14, 'Depeche Mode', 122.88, 'XDJ-XZ', NULL, NULL, NULL, 'I Feel You', '2024-07-21 10:47:17', 7748),
(15, 'Depeche Mode', 93.7, 'XDJ-XZ', NULL, NULL, NULL, 'Walking In My Shoes', '2024-07-21 10:51:54', 7749),
(16, 'Depeche Mode', 81.9, 'XDJ-XZ', NULL, NULL, NULL, 'Wrong', '2024-07-21 10:57:30', 7750),
(17, 'Depeche Mode', 134.01, 'XDJ-XZ', NULL, NULL, NULL, 'Dreaming Of Me', '2024-07-21 11:00:45', 7751),
(18, 'Depeche Mode', 165.9, 'XDJ-XZ', NULL, NULL, NULL, 'Barrel Of A Gun', '2024-07-21 11:04:53', 7752),
(19, 'Depeche Mode', 99.09, 'XDJ-XZ', NULL, NULL, NULL, 'It\'s No Good', '2024-07-21 11:10:27', 7753),
(20, 'Depeche Mode', 122.23, 'XDJ-XZ', NULL, NULL, NULL, 'World In My Eyes', '2024-07-21 11:16:27', 7754),
(21, 'Depeche Mode', 130, 'XDJ-XZ', NULL, NULL, NULL, 'Personal Jesus', '2024-07-21 11:20:56', 7755),
(22, 'Depeche Mode', 112.95, 'XDJ-XZ', NULL, NULL, NULL, 'Enjoy The Silence', '2024-07-21 11:25:54', 7756),
(23, 'Depeche Mode', 114.23, 'XDJ-XZ', NULL, NULL, NULL, 'Policy Of Truth', '2024-07-21 11:32:07', 7757),
(24, 'Rammstein', 102.9, 'XDJ-XZ', NULL, NULL, NULL, 'Rammlied', '2024-07-22 08:50:51', 7793),
(25, 'Rammstein', 127.43, 'XDJ-XZ', NULL, NULL, 'Vertigo Berlin', 'Links 2-3-4', '2024-07-22 08:56:17', 7794),
(26, 'Rammstein', 135.25, 'XDJ-XZ', NULL, NULL, 'Vertigo Berlin', 'Keine Lust', '2024-07-22 09:00:03', 7795),
(27, 'Rammstein', 137.31, 'XDJ-XZ', NULL, NULL, NULL, 'Sehnsucht', '2024-07-22 09:03:52', 7796),
(28, 'Rammstein', 166.59, 'XDJ-XZ', NULL, NULL, 'Universal', 'Asche zu Asche', '2024-07-22 09:08:02', 7797),
(29, 'Rammstein', 81.4, 'XDJ-XZ', NULL, NULL, 'Vertigo Berlin', 'Mein Herz brennt', '2024-07-22 09:15:30', 7798),
(30, 'Rammstein', 114.66, 'XDJ-XZ', NULL, NULL, 'Universal Music Group', 'PUPPE', '2024-07-22 09:20:19', 7799),
(31, 'Rammstein', 107.79, 'XDJ-XZ', NULL, NULL, NULL, 'Wiener Blut', '2024-07-22 09:25:00', 7800),
(32, 'Rammstein', 120.56, 'XDJ-XZ', NULL, NULL, 'Universal Music Group', 'Zeit', '2024-07-22 09:28:58', 7801),
(33, 'Rio Reiser', 164.75, 'XDJ-XZ', NULL, NULL, NULL, 'König von Deutschland', '2024-07-22 09:34:28', 7802),
(34, 'Rammstein', 129.36, 'XDJ-XZ', NULL, NULL, 'Universal Music Group', 'RADIO', '2024-07-22 09:38:02', 7803),
(35, 'Rammstein', 86.24, 'XDJ-XZ', NULL, NULL, 'Vertigo Berlin', 'Mein Teil', '2024-07-22 09:42:46', 7804),
(36, 'Rammstein', 122.59, 'XDJ-XZ', NULL, NULL, 'Vertigo Berlin', 'Du hast', '2024-07-22 09:47:32', 7805),
(37, 'Rammstein', 147.05, 'XDJ-XZ', NULL, NULL, 'Vertigo Berlin', 'Sonne', '2024-07-22 09:51:33', 7806),
(38, 'Rammstein', 94.12, 'XDJ-XZ', NULL, NULL, 'Vertigo Berlin', 'Engel', '2024-07-22 09:55:47', 7807),
(39, 'Rammstein', 94.12, 'XDJ-XZ', NULL, NULL, NULL, 'Engel', '2024-07-22 10:30:02', 7807),
(40, 'Rammstein', 122.5, 'XDJ-XZ', NULL, NULL, 'Universal Music Group', 'AUSLÄNDER', '2024-07-22 10:32:13', 7808),
(41, 'Rammstein', 109.57, 'XDJ-XZ', NULL, NULL, 'Universal', 'Du riechst so gut', '2024-07-22 10:36:11', 7809),
(42, 'Rammstein', 132.3, 'XDJ-XZ', NULL, NULL, 'Vertigo Berlin', 'Pussy', '2024-07-22 10:41:10', 7810),
(43, 'Rammstein', 125.47, 'XDJ-XZ', NULL, NULL, 'Vertigo Berlin', 'Ich will', '2024-07-22 10:45:15', 7811),
(44, 'Rammstein', 111.65, 'XDJ-XZ', NULL, NULL, 'Universal', 'Rammstein', '2024-07-22 10:49:01', 7812),
(45, 'Rammstein', 122.5, 'XDJ-XZ', NULL, NULL, 'Universal Music Group', 'Adieu', '2024-07-22 10:53:35', 7813),
(46, 'Rammstein', 132.3, 'XDJ-XZ', NULL, NULL, 'Vertigo Berlin', 'Haifisch', '2024-07-22 10:58:21', 7814),
(47, 'Rammstein', 127.4, 'XDJ-XZ', NULL, NULL, 'Universal Music Group', 'Lügen', '2024-07-22 11:02:10', 7815),
(52, 'Farin Urlaub Racing Team', 112.91, 'XDJ-XZ', NULL, NULL, NULL, 'Gluecklich', '2024-07-22 13:14:25', 2470),
(61, 'Farin Urlaub Racing Team', 111.89, 'XDJ-XZ', NULL, NULL, NULL, 'Sonne', '2024-07-22 13:45:40', 5790),
(68, 'Lenny Kravitz', 71.74, 'XDJ-XZ', NULL, NULL, 'BMG', 'Paralyzed', '2024-07-22 18:34:11', 14943),
(70, 'Lenny Kravitz', 121.8, 'XDJ-XZ', NULL, NULL, 'BMG', 'Let It Ride', '2024-07-22 18:41:35', 14944);

-- --------------------------------------------------------

--
-- Tabellenstruktur für Tabelle `reservations`
--

CREATE TABLE `reservations` (
  `date_field` date NOT NULL,
  `time_field` time NOT NULL,
  `table_id` int(11) NOT NULL,
  `state_id` int(11) NOT NULL DEFAULT 1,
  `persons` int(11) NOT NULL,
  `name` varchar(255) NOT NULL,
  `email` varchar(50) NOT NULL
) ENGINE=InnoDB DEFAULT CHARSET=latin1 COLLATE=latin1_swedish_ci;

--
-- Daten für Tabelle `reservations`
--

INSERT INTO `reservations` (`date_field`, `time_field`, `table_id`, `state_id`, `persons`, `name`, `email`) VALUES
('2024-09-26', '17:00:00', 1, 1, 0, '', ''),
('2024-09-26', '17:00:00', 2, 1, 0, '', ''),
('2024-09-26', '17:00:00', 3, 1, 0, '', ''),
('2024-09-26', '17:00:00', 4, 1, 0, '', ''),
('2024-09-26', '19:00:00', 1, 1, 0, '', ''),
('2024-09-26', '19:00:00', 2, 1, 0, '', ''),
('2024-09-26', '19:00:00', 3, 1, 0, '', ''),
('2024-09-26', '19:00:00', 4, 1, 0, '', ''),
('2024-09-27', '21:00:00', 1, 1, 0, '', ''),
('2024-09-27', '21:00:00', 2, 1, 0, '', ''),
('2024-09-27', '21:00:00', 3, 1, 0, '', ''),
('2024-09-27', '21:00:00', 4, 1, 0, '', ''),
('2024-09-28', '21:00:00', 1, 1, 0, '', ''),
('2024-09-28', '21:00:00', 2, 1, 0, '', ''),
('2024-09-28', '21:00:00', 3, 1, 0, '', ''),
('2024-09-28', '21:00:00', 4, 1, 0, '', ''),
('2024-09-29', '17:00:00', 1, 1, 0, '', ''),
('2024-09-29', '17:00:00', 2, 1, 0, '', ''),
('2024-09-29', '17:00:00', 3, 1, 0, '', ''),
('2024-09-29', '17:00:00', 4, 1, 0, '', ''),
('2024-09-29', '19:00:00', 1, 1, 0, '', ''),
('2024-09-29', '19:00:00', 2, 1, 0, '', ''),
('2024-09-29', '19:00:00', 3, 1, 0, '', ''),
('2024-09-29', '19:00:00', 4, 1, 0, '', ''),
('2024-10-02', '17:00:00', 1, 1, 0, '', ''),
('2024-10-02', '17:00:00', 2, 1, 0, '', ''),
('2024-10-02', '17:00:00', 3, 1, 0, '', ''),
('2024-10-02', '17:00:00', 4, 1, 0, '', ''),
('2024-10-02', '19:00:00', 1, 1, 0, '', ''),
('2024-10-02', '19:00:00', 2, 1, 0, '', ''),
('2024-10-02', '19:00:00', 3, 1, 0, '', ''),
('2024-10-02', '19:00:00', 4, 1, 0, '', ''),
('2024-10-03', '17:00:00', 1, 1, 0, '', ''),
('2024-10-03', '17:00:00', 2, 1, 0, '', ''),
('2024-10-03', '17:00:00', 3, 1, 0, '', ''),
('2024-10-03', '17:00:00', 4, 1, 0, '', ''),
('2024-10-03', '19:00:00', 1, 1, 0, '', ''),
('2024-10-03', '19:00:00', 2, 1, 0, '', ''),
('2024-10-03', '19:00:00', 3, 1, 0, '', ''),
('2024-10-03', '19:00:00', 4, 1, 0, '', ''),
('2024-10-04', '21:00:00', 1, 1, 0, '', ''),
('2024-10-04', '21:00:00', 2, 1, 0, '', ''),
('2024-10-04', '21:00:00', 3, 1, 0, '', ''),
('2024-10-04', '21:00:00', 4, 1, 0, '', ''),
('2024-10-05', '21:00:00', 1, 1, 0, '', ''),
('2024-10-05', '21:00:00', 2, 1, 0, '', ''),
('2024-10-05', '21:00:00', 3, 1, 0, '', ''),
('2024-10-05', '21:00:00', 4, 1, 0, '', ''),
('2024-10-06', '17:00:00', 1, 1, 0, '', ''),
('2024-10-06', '17:00:00', 2, 1, 0, '', ''),
('2024-10-06', '17:00:00', 3, 1, 0, '', ''),
('2024-10-06', '17:00:00', 4, 1, 0, '', ''),
('2024-10-06', '19:00:00', 1, 1, 0, '', ''),
('2024-10-06', '19:00:00', 2, 1, 0, '', ''),
('2024-10-06', '19:00:00', 3, 1, 0, '', ''),
('2024-10-06', '19:00:00', 4, 1, 0, '', ''),
('2024-10-09', '17:00:00', 1, 1, 0, '', ''),
('2024-10-09', '17:00:00', 2, 1, 0, '', ''),
('2024-10-09', '17:00:00', 3, 1, 0, '', ''),
('2024-10-09', '17:00:00', 4, 1, 0, '', ''),
('2024-10-09', '19:00:00', 1, 1, 0, '', ''),
('2024-10-09', '19:00:00', 2, 1, 0, '', ''),
('2024-10-09', '19:00:00', 3, 1, 0, '', ''),
('2024-10-09', '19:00:00', 4, 1, 0, '', ''),
('2024-10-10', '17:00:00', 1, 1, 0, '', ''),
('2024-10-10', '17:00:00', 2, 1, 0, '', ''),
('2024-10-10', '17:00:00', 3, 1, 0, '', ''),
('2024-10-10', '17:00:00', 4, 1, 0, '', ''),
('2024-10-10', '19:00:00', 1, 1, 0, '', ''),
('2024-10-10', '19:00:00', 2, 1, 0, '', ''),
('2024-10-10', '19:00:00', 3, 1, 0, '', ''),
('2024-10-10', '19:00:00', 4, 1, 0, '', ''),
('2024-10-11', '21:00:00', 1, 1, 0, '', ''),
('2024-10-11', '21:00:00', 2, 1, 0, '', ''),
('2024-10-11', '21:00:00', 3, 1, 0, '', ''),
('2024-10-11', '21:00:00', 4, 1, 0, '', ''),
('2024-10-12', '21:00:00', 1, 1, 0, '', ''),
('2024-10-12', '21:00:00', 2, 1, 0, '', ''),
('2024-10-12', '21:00:00', 3, 1, 0, '', ''),
('2024-10-12', '21:00:00', 4, 1, 0, '', ''),
('2024-10-13', '17:00:00', 1, 1, 0, '', ''),
('2024-10-13', '17:00:00', 2, 1, 0, '', ''),
('2024-10-13', '17:00:00', 3, 1, 0, '', ''),
('2024-10-13', '17:00:00', 4, 1, 0, '', ''),
('2024-10-13', '19:00:00', 1, 1, 0, '', ''),
('2024-10-13', '19:00:00', 2, 1, 0, '', ''),
('2024-10-13', '19:00:00', 3, 1, 0, '', ''),
('2024-10-13', '19:00:00', 4, 1, 0, '', ''),
('2024-10-16', '17:00:00', 1, 1, 0, '', ''),
('2024-10-16', '17:00:00', 2, 1, 0, '', ''),
('2024-10-16', '17:00:00', 3, 1, 0, '', ''),
('2024-10-16', '17:00:00', 4, 1, 0, '', ''),
('2024-10-16', '19:00:00', 1, 1, 0, '', ''),
('2024-10-16', '19:00:00', 2, 1, 0, '', ''),
('2024-10-16', '19:00:00', 3, 1, 0, '', ''),
('2024-10-16', '19:00:00', 4, 1, 0, '', ''),
('2024-10-17', '17:00:00', 1, 1, 0, '', ''),
('2024-10-17', '17:00:00', 2, 1, 0, '', ''),
('2024-10-17', '17:00:00', 3, 1, 0, '', ''),
('2024-10-17', '17:00:00', 4, 1, 0, '', ''),
('2024-10-17', '19:00:00', 1, 1, 0, '', ''),
('2024-10-17', '19:00:00', 2, 1, 0, '', ''),
('2024-10-17', '19:00:00', 3, 1, 0, '', ''),
('2024-10-17', '19:00:00', 4, 1, 0, '', ''),
('2024-10-18', '21:00:00', 1, 1, 0, '', ''),
('2024-10-18', '21:00:00', 2, 1, 0, '', ''),
('2024-10-18', '21:00:00', 3, 1, 0, '', ''),
('2024-10-18', '21:00:00', 4, 1, 0, '', ''),
('2024-10-19', '21:00:00', 1, 1, 0, '', ''),
('2024-10-19', '21:00:00', 2, 1, 0, '', ''),
('2024-10-19', '21:00:00', 3, 1, 0, '', ''),
('2024-10-19', '21:00:00', 4, 1, 0, '', ''),
('2024-10-20', '17:00:00', 1, 1, 0, '', ''),
('2024-10-20', '17:00:00', 2, 1, 0, '', ''),
('2024-10-20', '17:00:00', 3, 1, 0, '', ''),
('2024-10-20', '17:00:00', 4, 1, 0, '', ''),
('2024-10-20', '19:00:00', 1, 1, 0, '', ''),
('2024-10-20', '19:00:00', 2, 1, 0, '', ''),
('2024-10-20', '19:00:00', 3, 1, 0, '', ''),
('2024-10-20', '19:00:00', 4, 1, 0, '', ''),
('2024-10-23', '17:00:00', 1, 1, 0, '', ''),
('2024-10-23', '17:00:00', 2, 1, 0, '', ''),
('2024-10-23', '17:00:00', 3, 1, 0, '', ''),
('2024-10-23', '17:00:00', 4, 1, 0, '', ''),
('2024-10-23', '19:00:00', 1, 1, 0, '', ''),
('2024-10-23', '19:00:00', 2, 1, 0, '', ''),
('2024-10-23', '19:00:00', 3, 1, 0, '', ''),
('2024-10-23', '19:00:00', 4, 1, 0, '', ''),
('2024-10-24', '17:00:00', 1, 1, 0, '', ''),
('2024-10-24', '17:00:00', 2, 1, 0, '', ''),
('2024-10-24', '17:00:00', 3, 1, 0, '', ''),
('2024-10-24', '17:00:00', 4, 1, 0, '', ''),
('2024-10-24', '19:00:00', 1, 1, 0, '', ''),
('2024-10-24', '19:00:00', 2, 1, 0, '', ''),
('2024-10-24', '19:00:00', 3, 1, 0, '', ''),
('2024-10-24', '19:00:00', 4, 1, 0, '', ''),
('2024-10-25', '21:00:00', 1, 1, 0, '', ''),
('2024-10-25', '21:00:00', 2, 1, 0, '', ''),
('2024-10-25', '21:00:00', 3, 1, 0, '', ''),
('2024-10-25', '21:00:00', 4, 1, 0, '', ''),
('2024-10-26', '21:00:00', 1, 1, 0, '', ''),
('2024-10-26', '21:00:00', 2, 1, 0, '', ''),
('2024-10-26', '21:00:00', 3, 1, 0, '', ''),
('2024-10-26', '21:00:00', 4, 1, 0, '', ''),
('2024-10-27', '17:00:00', 1, 1, 0, '', ''),
('2024-10-27', '17:00:00', 2, 1, 0, '', ''),
('2024-10-27', '17:00:00', 3, 1, 0, '', ''),
('2024-10-27', '17:00:00', 4, 1, 0, '', ''),
('2024-10-27', '19:00:00', 1, 1, 0, '', ''),
('2024-10-27', '19:00:00', 2, 1, 0, '', ''),
('2024-10-27', '19:00:00', 3, 1, 0, '', ''),
('2024-10-27', '19:00:00', 4, 1, 0, '', ''),
('2024-10-30', '17:00:00', 1, 1, 0, '', ''),
('2024-10-30', '17:00:00', 2, 1, 0, '', ''),
('2024-10-30', '17:00:00', 3, 1, 0, '', ''),
('2024-10-30', '17:00:00', 4, 1, 0, '', ''),
('2024-10-30', '19:00:00', 1, 1, 0, '', ''),
('2024-10-30', '19:00:00', 2, 1, 0, '', ''),
('2024-10-30', '19:00:00', 3, 1, 0, '', ''),
('2024-10-30', '19:00:00', 4, 1, 0, '', ''),
('2024-10-31', '17:00:00', 1, 1, 0, '', ''),
('2024-10-31', '17:00:00', 2, 1, 0, '', ''),
('2024-10-31', '17:00:00', 3, 1, 0, '', ''),
('2024-10-31', '17:00:00', 4, 1, 0, '', ''),
('2024-10-31', '19:00:00', 1, 1, 0, '', ''),
('2024-10-31', '19:00:00', 2, 1, 0, '', ''),
('2024-10-31', '19:00:00', 3, 1, 0, '', ''),
('2024-10-31', '19:00:00', 4, 1, 0, '', ''),
('2024-11-01', '21:00:00', 1, 1, 0, '', ''),
('2024-11-01', '21:00:00', 2, 1, 0, '', ''),
('2024-11-01', '21:00:00', 3, 1, 0, '', ''),
('2024-11-01', '21:00:00', 4, 1, 0, '', ''),
('2024-11-02', '21:00:00', 1, 1, 0, '', ''),
('2024-11-02', '21:00:00', 2, 1, 0, '', ''),
('2024-11-02', '21:00:00', 3, 1, 0, '', ''),
('2024-11-02', '21:00:00', 4, 1, 0, '', ''),
('2024-11-03', '17:00:00', 1, 1, 0, '', ''),
('2024-11-03', '17:00:00', 2, 1, 0, '', ''),
('2024-11-03', '17:00:00', 3, 1, 0, '', ''),
('2024-11-03', '17:00:00', 4, 1, 0, '', ''),
('2024-11-03', '19:00:00', 1, 1, 0, '', ''),
('2024-11-03', '19:00:00', 2, 1, 0, '', ''),
('2024-11-03', '19:00:00', 3, 1, 0, '', ''),
('2024-11-03', '19:00:00', 4, 1, 0, '', ''),
('2024-11-06', '17:00:00', 1, 1, 0, '', ''),
('2024-11-06', '17:00:00', 2, 1, 0, '', ''),
('2024-11-06', '17:00:00', 3, 1, 0, '', ''),
('2024-11-06', '17:00:00', 4, 1, 0, '', ''),
('2024-11-06', '19:00:00', 1, 1, 0, '', ''),
('2024-11-06', '19:00:00', 2, 1, 0, '', ''),
('2024-11-06', '19:00:00', 3, 1, 0, '', ''),
('2024-11-06', '19:00:00', 4, 1, 0, '', ''),
('2024-11-07', '17:00:00', 1, 1, 0, '', ''),
('2024-11-07', '17:00:00', 2, 1, 0, '', ''),
('2024-11-07', '17:00:00', 3, 1, 0, '', ''),
('2024-11-07', '17:00:00', 4, 1, 0, '', ''),
('2024-11-07', '19:00:00', 1, 1, 0, '', ''),
('2024-11-07', '19:00:00', 2, 1, 0, '', ''),
('2024-11-07', '19:00:00', 3, 1, 0, '', ''),
('2024-11-07', '19:00:00', 4, 1, 0, '', ''),
('2024-11-08', '21:00:00', 1, 1, 0, '', ''),
('2024-11-08', '21:00:00', 2, 1, 0, '', ''),
('2024-11-08', '21:00:00', 3, 1, 0, '', ''),
('2024-11-08', '21:00:00', 4, 1, 0, '', ''),
('2024-11-09', '21:00:00', 1, 1, 0, '', ''),
('2024-11-09', '21:00:00', 2, 1, 0, '', ''),
('2024-11-09', '21:00:00', 3, 1, 0, '', ''),
('2024-11-09', '21:00:00', 4, 1, 0, '', ''),
('2024-11-10', '17:00:00', 1, 1, 0, '', ''),
('2024-11-10', '17:00:00', 2, 1, 0, '', ''),
('2024-11-10', '17:00:00', 3, 1, 0, '', ''),
('2024-11-10', '17:00:00', 4, 1, 0, '', ''),
('2024-11-10', '19:00:00', 1, 1, 0, '', ''),
('2024-11-10', '19:00:00', 2, 1, 0, '', ''),
('2024-11-10', '19:00:00', 3, 1, 0, '', ''),
('2024-11-10', '19:00:00', 4, 1, 0, '', ''),
('2024-11-13', '17:00:00', 1, 1, 0, '', ''),
('2024-11-13', '17:00:00', 2, 1, 0, '', ''),
('2024-11-13', '17:00:00', 3, 1, 0, '', ''),
('2024-11-13', '17:00:00', 4, 1, 0, '', ''),
('2024-11-13', '19:00:00', 1, 1, 0, '', ''),
('2024-11-13', '19:00:00', 2, 1, 0, '', ''),
('2024-11-13', '19:00:00', 3, 1, 0, '', ''),
('2024-11-13', '19:00:00', 4, 1, 0, '', ''),
('2024-11-14', '17:00:00', 1, 1, 0, '', ''),
('2024-11-14', '17:00:00', 2, 1, 0, '', ''),
('2024-11-14', '17:00:00', 3, 1, 0, '', ''),
('2024-11-14', '17:00:00', 4, 1, 0, '', ''),
('2024-11-14', '19:00:00', 1, 1, 0, '', ''),
('2024-11-14', '19:00:00', 2, 1, 0, '', ''),
('2024-11-14', '19:00:00', 3, 1, 0, '', ''),
('2024-11-14', '19:00:00', 4, 1, 0, '', ''),
('2024-11-15', '21:00:00', 1, 1, 0, '', ''),
('2024-11-15', '21:00:00', 2, 1, 0, '', ''),
('2024-11-15', '21:00:00', 3, 1, 0, '', ''),
('2024-11-15', '21:00:00', 4, 1, 0, '', ''),
('2024-11-16', '21:00:00', 1, 1, 0, '', ''),
('2024-11-16', '21:00:00', 2, 1, 0, '', ''),
('2024-11-16', '21:00:00', 3, 1, 0, '', ''),
('2024-11-16', '21:00:00', 4, 1, 0, '', ''),
('2024-11-17', '17:00:00', 1, 1, 0, '', ''),
('2024-11-17', '17:00:00', 2, 1, 0, '', ''),
('2024-11-17', '17:00:00', 3, 1, 0, '', ''),
('2024-11-17', '17:00:00', 4, 1, 0, '', ''),
('2024-11-17', '19:00:00', 1, 1, 0, '', ''),
('2024-11-17', '19:00:00', 2, 1, 0, '', ''),
('2024-11-17', '19:00:00', 3, 1, 0, '', ''),
('2024-11-17', '19:00:00', 4, 1, 0, '', ''),
('2024-11-20', '17:00:00', 1, 1, 0, '', ''),
('2024-11-20', '17:00:00', 2, 1, 0, '', ''),
('2024-11-20', '17:00:00', 3, 1, 0, '', ''),
('2024-11-20', '17:00:00', 4, 1, 0, '', ''),
('2024-11-20', '19:00:00', 1, 1, 0, '', ''),
('2024-11-20', '19:00:00', 2, 1, 0, '', ''),
('2024-11-20', '19:00:00', 3, 1, 0, '', ''),
('2024-11-20', '19:00:00', 4, 1, 0, '', ''),
('2024-11-21', '17:00:00', 1, 1, 0, '', ''),
('2024-11-21', '17:00:00', 2, 1, 0, '', ''),
('2024-11-21', '17:00:00', 3, 1, 0, '', ''),
('2024-11-21', '17:00:00', 4, 1, 0, '', ''),
('2024-11-21', '19:00:00', 1, 1, 0, '', ''),
('2024-11-21', '19:00:00', 2, 1, 0, '', ''),
('2024-11-21', '19:00:00', 3, 1, 0, '', ''),
('2024-11-21', '19:00:00', 4, 1, 0, '', ''),
('2024-11-22', '21:00:00', 1, 1, 0, '', ''),
('2024-11-22', '21:00:00', 2, 1, 0, '', ''),
('2024-11-22', '21:00:00', 3, 1, 0, '', ''),
('2024-11-22', '21:00:00', 4, 1, 0, '', ''),
('2024-11-23', '21:00:00', 1, 1, 0, '', ''),
('2024-11-23', '21:00:00', 2, 1, 0, '', ''),
('2024-11-23', '21:00:00', 3, 1, 0, '', ''),
('2024-11-23', '21:00:00', 4, 1, 0, '', ''),
('2024-11-24', '17:00:00', 1, 1, 0, '', ''),
('2024-11-24', '17:00:00', 2, 1, 0, '', ''),
('2024-11-24', '17:00:00', 3, 1, 0, '', ''),
('2024-11-24', '17:00:00', 4, 1, 0, '', ''),
('2024-11-24', '19:00:00', 1, 1, 0, '', ''),
('2024-11-24', '19:00:00', 2, 1, 0, '', ''),
('2024-11-24', '19:00:00', 3, 1, 0, '', ''),
('2024-11-24', '19:00:00', 4, 1, 0, '', ''),
('2024-11-27', '17:00:00', 1, 1, 0, '', ''),
('2024-11-27', '17:00:00', 2, 1, 0, '', ''),
('2024-11-27', '17:00:00', 3, 1, 0, '', ''),
('2024-11-27', '17:00:00', 4, 1, 0, '', ''),
('2024-11-27', '19:00:00', 1, 1, 0, '', ''),
('2024-11-27', '19:00:00', 2, 1, 0, '', ''),
('2024-11-27', '19:00:00', 3, 1, 0, '', ''),
('2024-11-27', '19:00:00', 4, 1, 0, '', ''),
('2024-11-28', '17:00:00', 1, 1, 0, '', ''),
('2024-11-28', '17:00:00', 2, 1, 0, '', ''),
('2024-11-28', '17:00:00', 3, 1, 0, '', ''),
('2024-11-28', '17:00:00', 4, 1, 0, '', ''),
('2024-11-28', '19:00:00', 1, 1, 0, '', ''),
('2024-11-28', '19:00:00', 2, 1, 0, '', ''),
('2024-11-28', '19:00:00', 3, 1, 0, '', ''),
('2024-11-28', '19:00:00', 4, 1, 0, '', ''),
('2024-11-29', '21:00:00', 1, 1, 0, '', ''),
('2024-11-29', '21:00:00', 2, 1, 0, '', ''),
('2024-11-29', '21:00:00', 3, 1, 0, '', ''),
('2024-11-29', '21:00:00', 4, 1, 0, '', ''),
('2024-11-30', '21:00:00', 1, 1, 0, '', ''),
('2024-11-30', '21:00:00', 2, 1, 0, '', ''),
('2024-11-30', '21:00:00', 3, 1, 0, '', ''),
('2024-11-30', '21:00:00', 4, 1, 0, '', ''),
('2024-12-01', '17:00:00', 1, 1, 0, '', ''),
('2024-12-01', '17:00:00', 2, 1, 0, '', ''),
('2024-12-01', '17:00:00', 3, 1, 0, '', ''),
('2024-12-01', '17:00:00', 4, 1, 0, '', ''),
('2024-12-01', '19:00:00', 1, 1, 0, '', ''),
('2024-12-01', '19:00:00', 2, 1, 0, '', ''),
('2024-12-01', '19:00:00', 3, 1, 0, '', ''),
('2024-12-01', '19:00:00', 4, 1, 0, '', ''),
('2024-12-04', '17:00:00', 1, 1, 0, '', ''),
('2024-12-04', '17:00:00', 2, 1, 0, '', ''),
('2024-12-04', '17:00:00', 3, 1, 0, '', ''),
('2024-12-04', '17:00:00', 4, 1, 0, '', ''),
('2024-12-04', '19:00:00', 1, 1, 0, '', ''),
('2024-12-04', '19:00:00', 2, 1, 0, '', ''),
('2024-12-04', '19:00:00', 3, 1, 0, '', ''),
('2024-12-04', '19:00:00', 4, 1, 0, '', ''),
('2024-12-05', '17:00:00', 1, 1, 0, '', ''),
('2024-12-05', '17:00:00', 2, 1, 0, '', ''),
('2024-12-05', '17:00:00', 3, 1, 0, '', ''),
('2024-12-05', '17:00:00', 4, 1, 0, '', ''),
('2024-12-05', '19:00:00', 1, 1, 0, '', ''),
('2024-12-05', '19:00:00', 2, 1, 0, '', ''),
('2024-12-05', '19:00:00', 3, 1, 0, '', ''),
('2024-12-05', '19:00:00', 4, 1, 0, '', ''),
('2024-12-06', '21:00:00', 1, 1, 0, '', ''),
('2024-12-06', '21:00:00', 2, 1, 0, '', ''),
('2024-12-06', '21:00:00', 3, 1, 0, '', ''),
('2024-12-06', '21:00:00', 4, 1, 0, '', ''),
('2024-12-07', '21:00:00', 1, 1, 0, '', ''),
('2024-12-07', '21:00:00', 2, 1, 0, '', ''),
('2024-12-07', '21:00:00', 3, 1, 0, '', ''),
('2024-12-07', '21:00:00', 4, 1, 0, '', ''),
('2024-12-08', '17:00:00', 1, 1, 0, '', ''),
('2024-12-08', '17:00:00', 2, 1, 0, '', ''),
('2024-12-08', '17:00:00', 3, 1, 0, '', ''),
('2024-12-08', '17:00:00', 4, 1, 0, '', ''),
('2024-12-08', '19:00:00', 1, 1, 0, '', ''),
('2024-12-08', '19:00:00', 2, 1, 0, '', ''),
('2024-12-08', '19:00:00', 3, 1, 0, '', ''),
('2024-12-08', '19:00:00', 4, 1, 0, '', ''),
('2024-12-11', '17:00:00', 1, 1, 0, '', ''),
('2024-12-11', '17:00:00', 2, 1, 0, '', ''),
('2024-12-11', '17:00:00', 3, 1, 0, '', ''),
('2024-12-11', '17:00:00', 4, 1, 0, '', ''),
('2024-12-11', '19:00:00', 1, 1, 0, '', ''),
('2024-12-11', '19:00:00', 2, 1, 0, '', ''),
('2024-12-11', '19:00:00', 3, 1, 0, '', ''),
('2024-12-11', '19:00:00', 4, 1, 0, '', ''),
('2024-12-12', '17:00:00', 1, 1, 0, '', ''),
('2024-12-12', '17:00:00', 2, 1, 0, '', ''),
('2024-12-12', '17:00:00', 3, 1, 0, '', ''),
('2024-12-12', '17:00:00', 4, 1, 0, '', ''),
('2024-12-12', '19:00:00', 1, 1, 0, '', ''),
('2024-12-12', '19:00:00', 2, 1, 0, '', ''),
('2024-12-12', '19:00:00', 3, 1, 0, '', ''),
('2024-12-12', '19:00:00', 4, 1, 0, '', ''),
('2024-12-13', '21:00:00', 1, 1, 0, '', ''),
('2024-12-13', '21:00:00', 2, 1, 0, '', ''),
('2024-12-13', '21:00:00', 3, 1, 0, '', ''),
('2024-12-13', '21:00:00', 4, 1, 0, '', ''),
('2024-12-14', '21:00:00', 1, 1, 0, '', ''),
('2024-12-14', '21:00:00', 2, 1, 0, '', ''),
('2024-12-14', '21:00:00', 3, 1, 0, '', ''),
('2024-12-14', '21:00:00', 4, 1, 0, '', ''),
('2024-12-15', '17:00:00', 1, 1, 0, '', ''),
('2024-12-15', '17:00:00', 2, 1, 0, '', ''),
('2024-12-15', '17:00:00', 3, 1, 0, '', ''),
('2024-12-15', '17:00:00', 4, 1, 0, '', ''),
('2024-12-15', '19:00:00', 1, 1, 0, '', ''),
('2024-12-15', '19:00:00', 2, 1, 0, '', ''),
('2024-12-15', '19:00:00', 3, 1, 0, '', ''),
('2024-12-15', '19:00:00', 4, 1, 0, '', ''),
('2024-12-18', '17:00:00', 1, 1, 0, '', ''),
('2024-12-18', '17:00:00', 2, 1, 0, '', ''),
('2024-12-18', '17:00:00', 3, 1, 0, '', ''),
('2024-12-18', '17:00:00', 4, 1, 0, '', ''),
('2024-12-18', '19:00:00', 1, 1, 0, '', ''),
('2024-12-18', '19:00:00', 2, 1, 0, '', ''),
('2024-12-18', '19:00:00', 3, 1, 0, '', ''),
('2024-12-18', '19:00:00', 4, 1, 0, '', ''),
('2024-12-19', '17:00:00', 1, 1, 0, '', ''),
('2024-12-19', '17:00:00', 2, 1, 0, '', ''),
('2024-12-19', '17:00:00', 3, 1, 0, '', ''),
('2024-12-19', '17:00:00', 4, 1, 0, '', ''),
('2024-12-19', '19:00:00', 1, 1, 0, '', ''),
('2024-12-19', '19:00:00', 2, 1, 0, '', ''),
('2024-12-19', '19:00:00', 3, 1, 0, '', ''),
('2024-12-19', '19:00:00', 4, 1, 0, '', ''),
('2024-12-20', '21:00:00', 1, 1, 0, '', ''),
('2024-12-20', '21:00:00', 2, 1, 0, '', ''),
('2024-12-20', '21:00:00', 3, 1, 0, '', ''),
('2024-12-20', '21:00:00', 4, 1, 0, '', ''),
('2024-12-21', '21:00:00', 1, 1, 0, '', ''),
('2024-12-21', '21:00:00', 2, 1, 0, '', ''),
('2024-12-21', '21:00:00', 3, 1, 0, '', ''),
('2024-12-21', '21:00:00', 4, 1, 0, '', ''),
('2024-12-22', '17:00:00', 1, 1, 0, '', ''),
('2024-12-22', '17:00:00', 2, 1, 0, '', ''),
('2024-12-22', '17:00:00', 3, 1, 0, '', ''),
('2024-12-22', '17:00:00', 4, 1, 0, '', ''),
('2024-12-22', '19:00:00', 1, 1, 0, '', ''),
('2024-12-22', '19:00:00', 2, 1, 0, '', ''),
('2024-12-22', '19:00:00', 3, 1, 0, '', ''),
('2024-12-22', '19:00:00', 4, 1, 0, '', ''),
('2024-12-25', '17:00:00', 1, 1, 0, '', ''),
('2024-12-25', '17:00:00', 2, 1, 0, '', ''),
('2024-12-25', '17:00:00', 3, 1, 0, '', ''),
('2024-12-25', '17:00:00', 4, 1, 0, '', ''),
('2024-12-25', '19:00:00', 1, 1, 0, '', ''),
('2024-12-25', '19:00:00', 2, 1, 0, '', ''),
('2024-12-25', '19:00:00', 3, 1, 0, '', ''),
('2024-12-25', '19:00:00', 4, 1, 0, '', ''),
('2024-12-26', '17:00:00', 1, 1, 0, '', ''),
('2024-12-26', '17:00:00', 2, 1, 0, '', ''),
('2024-12-26', '17:00:00', 3, 1, 0, '', ''),
('2024-12-26', '17:00:00', 4, 1, 0, '', ''),
('2024-12-26', '19:00:00', 1, 1, 0, '', ''),
('2024-12-26', '19:00:00', 2, 1, 0, '', ''),
('2024-12-26', '19:00:00', 3, 1, 0, '', ''),
('2024-12-26', '19:00:00', 4, 1, 0, '', ''),
('2024-12-27', '21:00:00', 1, 1, 0, '', ''),
('2024-12-27', '21:00:00', 2, 1, 0, '', ''),
('2024-12-27', '21:00:00', 3, 1, 0, '', ''),
('2024-12-27', '21:00:00', 4, 1, 0, '', ''),
('2024-12-28', '21:00:00', 1, 1, 0, '', ''),
('2024-12-28', '21:00:00', 2, 1, 0, '', ''),
('2024-12-28', '21:00:00', 3, 1, 0, '', ''),
('2024-12-28', '21:00:00', 4, 1, 0, '', ''),
('2024-12-29', '17:00:00', 1, 1, 0, '', ''),
('2024-12-29', '17:00:00', 2, 1, 0, '', ''),
('2024-12-29', '17:00:00', 3, 1, 0, '', ''),
('2024-12-29', '17:00:00', 4, 1, 0, '', ''),
('2024-12-29', '19:00:00', 1, 1, 0, '', ''),
('2024-12-29', '19:00:00', 2, 1, 0, '', ''),
('2024-12-29', '19:00:00', 3, 1, 0, '', ''),
('2024-12-29', '19:00:00', 4, 1, 0, '', ''),
('2025-01-01', '17:00:00', 1, 1, 0, '', ''),
('2025-01-01', '17:00:00', 2, 1, 0, '', ''),
('2025-01-01', '17:00:00', 3, 1, 0, '', ''),
('2025-01-01', '17:00:00', 4, 1, 0, '', ''),
('2025-01-01', '19:00:00', 1, 1, 0, '', ''),
('2025-01-01', '19:00:00', 2, 1, 0, '', ''),
('2025-01-01', '19:00:00', 3, 1, 0, '', ''),
('2025-01-01', '19:00:00', 4, 1, 0, '', ''),
('2025-01-02', '17:00:00', 1, 1, 0, '', ''),
('2025-01-02', '17:00:00', 2, 1, 0, '', ''),
('2025-01-02', '17:00:00', 3, 1, 0, '', ''),
('2025-01-02', '17:00:00', 4, 1, 0, '', ''),
('2025-01-02', '19:00:00', 1, 1, 0, '', ''),
('2025-01-02', '19:00:00', 2, 1, 0, '', ''),
('2025-01-02', '19:00:00', 3, 1, 0, '', ''),
('2025-01-02', '19:00:00', 4, 1, 0, '', ''),
('2025-01-03', '21:00:00', 1, 1, 0, '', ''),
('2025-01-03', '21:00:00', 2, 1, 0, '', ''),
('2025-01-03', '21:00:00', 3, 1, 0, '', ''),
('2025-01-03', '21:00:00', 4, 1, 0, '', ''),
('2025-01-04', '21:00:00', 1, 1, 0, '', ''),
('2025-01-04', '21:00:00', 2, 1, 0, '', ''),
('2025-01-04', '21:00:00', 3, 1, 0, '', ''),
('2025-01-04', '21:00:00', 4, 1, 0, '', ''),
('2025-01-05', '17:00:00', 1, 1, 0, '', ''),
('2025-01-05', '17:00:00', 2, 1, 0, '', ''),
('2025-01-05', '17:00:00', 3, 1, 0, '', ''),
('2025-01-05', '17:00:00', 4, 1, 0, '', ''),
('2025-01-05', '19:00:00', 1, 1, 0, '', ''),
('2025-01-05', '19:00:00', 2, 1, 0, '', ''),
('2025-01-05', '19:00:00', 3, 1, 0, '', ''),
('2025-01-05', '19:00:00', 4, 1, 0, '', ''),
('2025-01-08', '17:00:00', 1, 1, 0, '', ''),
('2025-01-08', '17:00:00', 2, 1, 0, '', ''),
('2025-01-08', '17:00:00', 3, 1, 0, '', ''),
('2025-01-08', '17:00:00', 4, 1, 0, '', ''),
('2025-01-08', '19:00:00', 1, 1, 0, '', ''),
('2025-01-08', '19:00:00', 2, 1, 0, '', ''),
('2025-01-08', '19:00:00', 3, 1, 0, '', ''),
('2025-01-08', '19:00:00', 4, 1, 0, '', ''),
('2025-01-09', '17:00:00', 1, 1, 0, '', ''),
('2025-01-09', '17:00:00', 2, 1, 0, '', ''),
('2025-01-09', '17:00:00', 3, 1, 0, '', ''),
('2025-01-09', '17:00:00', 4, 1, 0, '', ''),
('2025-01-09', '19:00:00', 1, 1, 0, '', ''),
('2025-01-09', '19:00:00', 2, 1, 0, '', ''),
('2025-01-09', '19:00:00', 3, 1, 0, '', ''),
('2025-01-09', '19:00:00', 4, 1, 0, '', ''),
('2025-01-10', '21:00:00', 1, 1, 0, '', ''),
('2025-01-10', '21:00:00', 2, 1, 0, '', ''),
('2025-01-10', '21:00:00', 3, 1, 0, '', ''),
('2025-01-10', '21:00:00', 4, 1, 0, '', ''),
('2025-01-11', '21:00:00', 1, 1, 0, '', ''),
('2025-01-11', '21:00:00', 2, 1, 0, '', ''),
('2025-01-11', '21:00:00', 3, 1, 0, '', ''),
('2025-01-11', '21:00:00', 4, 1, 0, '', ''),
('2025-01-12', '17:00:00', 1, 1, 0, '', ''),
('2025-01-12', '17:00:00', 2, 1, 0, '', ''),
('2025-01-12', '17:00:00', 3, 1, 0, '', ''),
('2025-01-12', '17:00:00', 4, 1, 0, '', ''),
('2025-01-12', '19:00:00', 1, 1, 0, '', ''),
('2025-01-12', '19:00:00', 2, 1, 0, '', ''),
('2025-01-12', '19:00:00', 3, 1, 0, '', ''),
('2025-01-12', '19:00:00', 4, 1, 0, '', ''),
('2025-01-15', '17:00:00', 1, 1, 0, '', ''),
('2025-01-15', '17:00:00', 2, 1, 0, '', ''),
('2025-01-15', '17:00:00', 3, 1, 0, '', ''),
('2025-01-15', '17:00:00', 4, 1, 0, '', ''),
('2025-01-15', '19:00:00', 1, 1, 0, '', ''),
('2025-01-15', '19:00:00', 2, 1, 0, '', ''),
('2025-01-15', '19:00:00', 3, 1, 0, '', ''),
('2025-01-15', '19:00:00', 4, 1, 0, '', ''),
('2025-01-16', '17:00:00', 1, 1, 0, '', ''),
('2025-01-16', '17:00:00', 2, 1, 0, '', ''),
('2025-01-16', '17:00:00', 3, 1, 0, '', ''),
('2025-01-16', '17:00:00', 4, 1, 0, '', ''),
('2025-01-16', '19:00:00', 1, 1, 0, '', ''),
('2025-01-16', '19:00:00', 2, 1, 0, '', ''),
('2025-01-16', '19:00:00', 3, 1, 0, '', ''),
('2025-01-16', '19:00:00', 4, 1, 0, '', ''),
('2025-01-17', '21:00:00', 1, 1, 0, '', ''),
('2025-01-17', '21:00:00', 2, 1, 0, '', ''),
('2025-01-17', '21:00:00', 3, 1, 0, '', ''),
('2025-01-17', '21:00:00', 4, 1, 0, '', ''),
('2025-01-18', '21:00:00', 1, 1, 0, '', ''),
('2025-01-18', '21:00:00', 2, 1, 0, '', ''),
('2025-01-18', '21:00:00', 3, 1, 0, '', ''),
('2025-01-18', '21:00:00', 4, 1, 0, '', ''),
('2025-01-19', '17:00:00', 1, 1, 0, '', ''),
('2025-01-19', '17:00:00', 2, 1, 0, '', ''),
('2025-01-19', '17:00:00', 3, 1, 0, '', ''),
('2025-01-19', '17:00:00', 4, 1, 0, '', ''),
('2025-01-19', '19:00:00', 1, 1, 0, '', ''),
('2025-01-19', '19:00:00', 2, 1, 0, '', ''),
('2025-01-19', '19:00:00', 3, 1, 0, '', ''),
('2025-01-19', '19:00:00', 4, 1, 0, '', ''),
('2025-01-22', '17:00:00', 1, 1, 0, '', ''),
('2025-01-22', '17:00:00', 2, 1, 0, '', ''),
('2025-01-22', '17:00:00', 3, 1, 0, '', ''),
('2025-01-22', '17:00:00', 4, 1, 0, '', ''),
('2025-01-22', '19:00:00', 1, 1, 0, '', ''),
('2025-01-22', '19:00:00', 2, 1, 0, '', ''),
('2025-01-22', '19:00:00', 3, 1, 0, '', ''),
('2025-01-22', '19:00:00', 4, 1, 0, '', ''),
('2025-01-23', '17:00:00', 1, 1, 0, '', ''),
('2025-01-23', '17:00:00', 2, 1, 0, '', ''),
('2025-01-23', '17:00:00', 3, 1, 0, '', ''),
('2025-01-23', '17:00:00', 4, 1, 0, '', ''),
('2025-01-23', '19:00:00', 1, 1, 0, '', ''),
('2025-01-23', '19:00:00', 2, 1, 0, '', ''),
('2025-01-23', '19:00:00', 3, 1, 0, '', ''),
('2025-01-23', '19:00:00', 4, 1, 0, '', ''),
('2025-01-24', '21:00:00', 1, 1, 0, '', ''),
('2025-01-24', '21:00:00', 2, 1, 0, '', ''),
('2025-01-24', '21:00:00', 3, 1, 0, '', ''),
('2025-01-24', '21:00:00', 4, 1, 0, '', ''),
('2025-01-25', '21:00:00', 1, 1, 0, '', ''),
('2025-01-25', '21:00:00', 2, 1, 0, '', ''),
('2025-01-25', '21:00:00', 3, 1, 0, '', ''),
('2025-01-25', '21:00:00', 4, 1, 0, '', ''),
('2025-01-26', '17:00:00', 1, 1, 0, '', ''),
('2025-01-26', '17:00:00', 2, 1, 0, '', ''),
('2025-01-26', '17:00:00', 3, 1, 0, '', ''),
('2025-01-26', '17:00:00', 4, 1, 0, '', ''),
('2025-01-26', '19:00:00', 1, 1, 0, '', ''),
('2025-01-26', '19:00:00', 2, 1, 0, '', ''),
('2025-01-26', '19:00:00', 3, 1, 0, '', ''),
('2025-01-26', '19:00:00', 4, 1, 0, '', ''),
('2025-01-29', '17:00:00', 1, 1, 0, '', ''),
('2025-01-29', '17:00:00', 2, 1, 0, '', ''),
('2025-01-29', '17:00:00', 3, 1, 0, '', ''),
('2025-01-29', '17:00:00', 4, 1, 0, '', ''),
('2025-01-29', '19:00:00', 1, 1, 0, '', ''),
('2025-01-29', '19:00:00', 2, 1, 0, '', ''),
('2025-01-29', '19:00:00', 3, 1, 0, '', ''),
('2025-01-29', '19:00:00', 4, 1, 0, '', ''),
('2025-01-30', '17:00:00', 1, 1, 0, '', ''),
('2025-01-30', '17:00:00', 2, 1, 0, '', ''),
('2025-01-30', '17:00:00', 3, 1, 0, '', ''),
('2025-01-30', '17:00:00', 4, 1, 0, '', ''),
('2025-01-30', '19:00:00', 1, 1, 0, '', ''),
('2025-01-30', '19:00:00', 2, 1, 0, '', ''),
('2025-01-30', '19:00:00', 3, 1, 0, '', ''),
('2025-01-30', '19:00:00', 4, 1, 0, '', ''),
('2025-01-31', '21:00:00', 1, 1, 0, '', ''),
('2025-01-31', '21:00:00', 2, 1, 0, '', ''),
('2025-01-31', '21:00:00', 3, 1, 0, '', ''),
('2025-01-31', '21:00:00', 4, 1, 0, '', ''),
('2025-02-01', '21:00:00', 1, 1, 0, '', ''),
('2025-02-01', '21:00:00', 2, 1, 0, '', ''),
('2025-02-01', '21:00:00', 3, 1, 0, '', ''),
('2025-02-01', '21:00:00', 4, 1, 0, '', ''),
('2025-02-02', '17:00:00', 1, 1, 0, '', ''),
('2025-02-02', '17:00:00', 2, 1, 0, '', ''),
('2025-02-02', '17:00:00', 3, 1, 0, '', ''),
('2025-02-02', '17:00:00', 4, 1, 0, '', ''),
('2025-02-02', '19:00:00', 1, 1, 0, '', ''),
('2025-02-02', '19:00:00', 2, 1, 0, '', ''),
('2025-02-02', '19:00:00', 3, 1, 0, '', ''),
('2025-02-02', '19:00:00', 4, 1, 0, '', ''),
('2025-02-05', '17:00:00', 1, 1, 0, '', ''),
('2025-02-05', '17:00:00', 2, 1, 0, '', ''),
('2025-02-05', '17:00:00', 3, 1, 0, '', ''),
('2025-02-05', '17:00:00', 4, 1, 0, '', ''),
('2025-02-05', '19:00:00', 1, 1, 0, '', ''),
('2025-02-05', '19:00:00', 2, 1, 0, '', ''),
('2025-02-05', '19:00:00', 3, 1, 0, '', ''),
('2025-02-05', '19:00:00', 4, 1, 0, '', ''),
('2025-02-06', '17:00:00', 1, 1, 0, '', ''),
('2025-02-06', '17:00:00', 2, 1, 0, '', ''),
('2025-02-06', '17:00:00', 3, 1, 0, '', ''),
('2025-02-06', '17:00:00', 4, 1, 0, '', ''),
('2025-02-06', '19:00:00', 1, 1, 0, '', ''),
('2025-02-06', '19:00:00', 2, 1, 0, '', ''),
('2025-02-06', '19:00:00', 3, 1, 0, '', ''),
('2025-02-06', '19:00:00', 4, 1, 0, '', ''),
('2025-02-07', '21:00:00', 1, 1, 0, '', ''),
('2025-02-07', '21:00:00', 2, 1, 0, '', ''),
('2025-02-07', '21:00:00', 3, 1, 0, '', ''),
('2025-02-07', '21:00:00', 4, 1, 0, '', ''),
('2025-02-08', '21:00:00', 1, 1, 0, '', ''),
('2025-02-08', '21:00:00', 2, 1, 0, '', ''),
('2025-02-08', '21:00:00', 3, 1, 0, '', ''),
('2025-02-08', '21:00:00', 4, 1, 0, '', ''),
('2025-02-09', '17:00:00', 1, 1, 0, '', ''),
('2025-02-09', '17:00:00', 2, 1, 0, '', ''),
('2025-02-09', '17:00:00', 3, 1, 0, '', ''),
('2025-02-09', '17:00:00', 4, 1, 0, '', ''),
('2025-02-09', '19:00:00', 1, 1, 0, '', ''),
('2025-02-09', '19:00:00', 2, 1, 0, '', ''),
('2025-02-09', '19:00:00', 3, 1, 0, '', ''),
('2025-02-09', '19:00:00', 4, 1, 0, '', ''),
('2025-02-12', '17:00:00', 1, 1, 0, '', ''),
('2025-02-12', '17:00:00', 2, 1, 0, '', ''),
('2025-02-12', '17:00:00', 3, 1, 0, '', ''),
('2025-02-12', '17:00:00', 4, 1, 0, '', ''),
('2025-02-12', '19:00:00', 1, 1, 0, '', ''),
('2025-02-12', '19:00:00', 2, 1, 0, '', ''),
('2025-02-12', '19:00:00', 3, 1, 0, '', ''),
('2025-02-12', '19:00:00', 4, 1, 0, '', ''),
('2025-02-13', '17:00:00', 1, 1, 0, '', ''),
('2025-02-13', '17:00:00', 2, 1, 0, '', ''),
('2025-02-13', '17:00:00', 3, 1, 0, '', ''),
('2025-02-13', '17:00:00', 4, 1, 0, '', ''),
('2025-02-13', '19:00:00', 1, 1, 0, '', ''),
('2025-02-13', '19:00:00', 2, 1, 0, '', ''),
('2025-02-13', '19:00:00', 3, 1, 0, '', ''),
('2025-02-13', '19:00:00', 4, 1, 0, '', ''),
('2025-02-14', '21:00:00', 1, 1, 0, '', ''),
('2025-02-14', '21:00:00', 2, 1, 0, '', ''),
('2025-02-14', '21:00:00', 3, 1, 0, '', ''),
('2025-02-14', '21:00:00', 4, 1, 0, '', ''),
('2025-02-15', '21:00:00', 1, 1, 0, '', ''),
('2025-02-15', '21:00:00', 2, 1, 0, '', ''),
('2025-02-15', '21:00:00', 3, 1, 0, '', ''),
('2025-02-15', '21:00:00', 4, 1, 0, '', ''),
('2025-02-16', '17:00:00', 1, 1, 0, '', ''),
('2025-02-16', '17:00:00', 2, 1, 0, '', ''),
('2025-02-16', '17:00:00', 3, 1, 0, '', ''),
('2025-02-16', '17:00:00', 4, 1, 0, '', ''),
('2025-02-16', '19:00:00', 1, 1, 0, '', ''),
('2025-02-16', '19:00:00', 2, 1, 0, '', ''),
('2025-02-16', '19:00:00', 3, 1, 0, '', ''),
('2025-02-16', '19:00:00', 4, 1, 0, '', ''),
('2025-02-19', '17:00:00', 1, 1, 0, '', ''),
('2025-02-19', '17:00:00', 2, 1, 0, '', ''),
('2025-02-19', '17:00:00', 3, 1, 0, '', ''),
('2025-02-19', '17:00:00', 4, 1, 0, '', ''),
('2025-02-19', '19:00:00', 1, 1, 0, '', ''),
('2025-02-19', '19:00:00', 2, 1, 0, '', ''),
('2025-02-19', '19:00:00', 3, 1, 0, '', ''),
('2025-02-19', '19:00:00', 4, 1, 0, '', ''),
('2025-02-20', '17:00:00', 1, 1, 0, '', ''),
('2025-02-20', '17:00:00', 2, 1, 0, '', ''),
('2025-02-20', '17:00:00', 3, 1, 0, '', ''),
('2025-02-20', '17:00:00', 4, 1, 0, '', ''),
('2025-02-20', '19:00:00', 1, 1, 0, '', ''),
('2025-02-20', '19:00:00', 2, 1, 0, '', ''),
('2025-02-20', '19:00:00', 3, 1, 0, '', ''),
('2025-02-20', '19:00:00', 4, 1, 0, '', ''),
('2025-02-21', '21:00:00', 1, 1, 0, '', ''),
('2025-02-21', '21:00:00', 2, 1, 0, '', ''),
('2025-02-21', '21:00:00', 3, 1, 0, '', ''),
('2025-02-21', '21:00:00', 4, 1, 0, '', ''),
('2025-02-22', '21:00:00', 1, 1, 0, '', ''),
('2025-02-22', '21:00:00', 2, 1, 0, '', ''),
('2025-02-22', '21:00:00', 3, 1, 0, '', ''),
('2025-02-22', '21:00:00', 4, 1, 0, '', ''),
('2025-02-23', '17:00:00', 1, 1, 0, '', ''),
('2025-02-23', '17:00:00', 2, 1, 0, '', ''),
('2025-02-23', '17:00:00', 3, 1, 0, '', ''),
('2025-02-23', '17:00:00', 4, 1, 0, '', ''),
('2025-02-23', '19:00:00', 1, 1, 0, '', ''),
('2025-02-23', '19:00:00', 2, 1, 0, '', ''),
('2025-02-23', '19:00:00', 3, 1, 0, '', ''),
('2025-02-23', '19:00:00', 4, 1, 0, '', ''),
('2025-02-26', '17:00:00', 1, 1, 0, '', ''),
('2025-02-26', '17:00:00', 2, 1, 0, '', ''),
('2025-02-26', '17:00:00', 3, 1, 0, '', ''),
('2025-02-26', '17:00:00', 4, 1, 0, '', ''),
('2025-02-26', '19:00:00', 1, 1, 0, '', ''),
('2025-02-26', '19:00:00', 2, 1, 0, '', ''),
('2025-02-26', '19:00:00', 3, 1, 0, '', ''),
('2025-02-26', '19:00:00', 4, 1, 0, '', ''),
('2025-02-27', '17:00:00', 1, 1, 0, '', ''),
('2025-02-27', '17:00:00', 2, 1, 0, '', ''),
('2025-02-27', '17:00:00', 3, 1, 0, '', ''),
('2025-02-27', '17:00:00', 4, 1, 0, '', ''),
('2025-02-27', '19:00:00', 1, 1, 0, '', ''),
('2025-02-27', '19:00:00', 2, 1, 0, '', ''),
('2025-02-27', '19:00:00', 3, 1, 0, '', ''),
('2025-02-27', '19:00:00', 4, 1, 0, '', ''),
('2025-02-28', '21:00:00', 1, 1, 0, '', ''),
('2025-02-28', '21:00:00', 2, 1, 0, '', ''),
('2025-02-28', '21:00:00', 3, 1, 0, '', ''),
('2025-02-28', '21:00:00', 4, 1, 0, '', ''),
('2025-03-01', '21:00:00', 1, 1, 0, '', ''),
('2025-03-01', '21:00:00', 2, 1, 0, '', ''),
('2025-03-01', '21:00:00', 3, 1, 0, '', ''),
('2025-03-01', '21:00:00', 4, 1, 0, '', ''),
('2025-03-02', '17:00:00', 1, 1, 0, '', ''),
('2025-03-02', '17:00:00', 2, 1, 0, '', ''),
('2025-03-02', '17:00:00', 3, 1, 0, '', ''),
('2025-03-02', '17:00:00', 4, 1, 0, '', ''),
('2025-03-02', '19:00:00', 1, 1, 0, '', ''),
('2025-03-02', '19:00:00', 2, 1, 0, '', ''),
('2025-03-02', '19:00:00', 3, 1, 0, '', ''),
('2025-03-02', '19:00:00', 4, 1, 0, '', ''),
('2025-03-05', '17:00:00', 1, 1, 0, '', ''),
('2025-03-05', '17:00:00', 2, 1, 0, '', ''),
('2025-03-05', '17:00:00', 3, 1, 0, '', ''),
('2025-03-05', '17:00:00', 4, 1, 0, '', ''),
('2025-03-05', '19:00:00', 1, 1, 0, '', ''),
('2025-03-05', '19:00:00', 2, 1, 0, '', ''),
('2025-03-05', '19:00:00', 3, 1, 0, '', ''),
('2025-03-05', '19:00:00', 4, 1, 0, '', ''),
('2025-03-06', '17:00:00', 1, 1, 0, '', ''),
('2025-03-06', '17:00:00', 2, 1, 0, '', ''),
('2025-03-06', '17:00:00', 3, 1, 0, '', ''),
('2025-03-06', '17:00:00', 4, 1, 0, '', ''),
('2025-03-06', '19:00:00', 1, 1, 0, '', ''),
('2025-03-06', '19:00:00', 2, 1, 0, '', ''),
('2025-03-06', '19:00:00', 3, 1, 0, '', ''),
('2025-03-06', '19:00:00', 4, 1, 0, '', ''),
('2025-03-07', '21:00:00', 1, 1, 0, '', ''),
('2025-03-07', '21:00:00', 2, 1, 0, '', ''),
('2025-03-07', '21:00:00', 3, 1, 0, '', ''),
('2025-03-07', '21:00:00', 4, 1, 0, '', ''),
('2025-03-08', '21:00:00', 1, 1, 0, '', ''),
('2025-03-08', '21:00:00', 2, 1, 0, '', ''),
('2025-03-08', '21:00:00', 3, 1, 0, '', ''),
('2025-03-08', '21:00:00', 4, 1, 0, '', ''),
('2025-03-09', '17:00:00', 1, 1, 0, '', ''),
('2025-03-09', '17:00:00', 2, 1, 0, '', ''),
('2025-03-09', '17:00:00', 3, 1, 0, '', ''),
('2025-03-09', '17:00:00', 4, 1, 0, '', ''),
('2025-03-09', '19:00:00', 1, 1, 0, '', ''),
('2025-03-09', '19:00:00', 2, 1, 0, '', ''),
('2025-03-09', '19:00:00', 3, 1, 0, '', ''),
('2025-03-09', '19:00:00', 4, 1, 0, '', ''),
('2025-03-12', '17:00:00', 1, 1, 0, '', ''),
('2025-03-12', '17:00:00', 2, 1, 0, '', ''),
('2025-03-12', '17:00:00', 3, 1, 0, '', ''),
('2025-03-12', '17:00:00', 4, 1, 0, '', ''),
('2025-03-12', '19:00:00', 1, 1, 0, '', ''),
('2025-03-12', '19:00:00', 2, 1, 0, '', ''),
('2025-03-12', '19:00:00', 3, 1, 0, '', ''),
('2025-03-12', '19:00:00', 4, 1, 0, '', ''),
('2025-03-13', '17:00:00', 1, 1, 0, '', ''),
('2025-03-13', '17:00:00', 2, 1, 0, '', ''),
('2025-03-13', '17:00:00', 3, 1, 0, '', ''),
('2025-03-13', '17:00:00', 4, 1, 0, '', ''),
('2025-03-13', '19:00:00', 1, 1, 0, '', ''),
('2025-03-13', '19:00:00', 2, 1, 0, '', ''),
('2025-03-13', '19:00:00', 3, 1, 0, '', ''),
('2025-03-13', '19:00:00', 4, 1, 0, '', ''),
('2025-03-14', '21:00:00', 1, 1, 0, '', ''),
('2025-03-14', '21:00:00', 2, 1, 0, '', ''),
('2025-03-14', '21:00:00', 3, 1, 0, '', ''),
('2025-03-14', '21:00:00', 4, 1, 0, '', ''),
('2025-03-15', '21:00:00', 1, 1, 0, '', ''),
('2025-03-15', '21:00:00', 2, 1, 0, '', ''),
('2025-03-15', '21:00:00', 3, 1, 0, '', ''),
('2025-03-15', '21:00:00', 4, 1, 0, '', ''),
('2025-03-16', '17:00:00', 1, 1, 0, '', ''),
('2025-03-16', '17:00:00', 2, 1, 0, '', ''),
('2025-03-16', '17:00:00', 3, 1, 0, '', ''),
('2025-03-16', '17:00:00', 4, 1, 0, '', ''),
('2025-03-16', '19:00:00', 1, 1, 0, '', ''),
('2025-03-16', '19:00:00', 2, 1, 0, '', ''),
('2025-03-16', '19:00:00', 3, 1, 0, '', ''),
('2025-03-16', '19:00:00', 4, 1, 0, '', ''),
('2025-03-19', '17:00:00', 1, 1, 0, '', ''),
('2025-03-19', '17:00:00', 2, 1, 0, '', ''),
('2025-03-19', '17:00:00', 3, 1, 0, '', ''),
('2025-03-19', '17:00:00', 4, 1, 0, '', ''),
('2025-03-19', '19:00:00', 1, 1, 0, '', ''),
('2025-03-19', '19:00:00', 2, 1, 0, '', ''),
('2025-03-19', '19:00:00', 3, 1, 0, '', ''),
('2025-03-19', '19:00:00', 4, 1, 0, '', ''),
('2025-03-20', '17:00:00', 1, 1, 0, '', ''),
('2025-03-20', '17:00:00', 2, 1, 0, '', ''),
('2025-03-20', '17:00:00', 3, 1, 0, '', ''),
('2025-03-20', '17:00:00', 4, 1, 0, '', ''),
('2025-03-20', '19:00:00', 1, 1, 0, '', ''),
('2025-03-20', '19:00:00', 2, 1, 0, '', ''),
('2025-03-20', '19:00:00', 3, 1, 0, '', ''),
('2025-03-20', '19:00:00', 4, 1, 0, '', ''),
('2025-03-21', '21:00:00', 1, 1, 0, '', ''),
('2025-03-21', '21:00:00', 2, 1, 0, '', ''),
('2025-03-21', '21:00:00', 3, 1, 0, '', ''),
('2025-03-21', '21:00:00', 4, 1, 0, '', ''),
('2025-03-22', '21:00:00', 1, 1, 0, '', ''),
('2025-03-22', '21:00:00', 2, 1, 0, '', ''),
('2025-03-22', '21:00:00', 3, 1, 0, '', ''),
('2025-03-22', '21:00:00', 4, 1, 0, '', ''),
('2025-03-23', '17:00:00', 1, 1, 0, '', ''),
('2025-03-23', '17:00:00', 2, 1, 0, '', ''),
('2025-03-23', '17:00:00', 3, 1, 0, '', ''),
('2025-03-23', '17:00:00', 4, 1, 0, '', ''),
('2025-03-23', '19:00:00', 1, 1, 0, '', ''),
('2025-03-23', '19:00:00', 2, 1, 0, '', ''),
('2025-03-23', '19:00:00', 3, 1, 0, '', ''),
('2025-03-23', '19:00:00', 4, 1, 0, '', ''),
('2025-03-26', '17:00:00', 1, 1, 0, '', ''),
('2025-03-26', '17:00:00', 2, 1, 0, '', ''),
('2025-03-26', '17:00:00', 3, 1, 0, '', ''),
('2025-03-26', '17:00:00', 4, 1, 0, '', ''),
('2025-03-26', '19:00:00', 1, 1, 0, '', ''),
('2025-03-26', '19:00:00', 2, 1, 0, '', ''),
('2025-03-26', '19:00:00', 3, 1, 0, '', ''),
('2025-03-26', '19:00:00', 4, 1, 0, '', ''),
('2025-03-27', '17:00:00', 1, 1, 0, '', ''),
('2025-03-27', '17:00:00', 2, 1, 0, '', ''),
('2025-03-27', '17:00:00', 3, 1, 0, '', ''),
('2025-03-27', '17:00:00', 4, 1, 0, '', ''),
('2025-03-27', '19:00:00', 1, 1, 0, '', ''),
('2025-03-27', '19:00:00', 2, 1, 0, '', ''),
('2025-03-27', '19:00:00', 3, 1, 0, '', ''),
('2025-03-27', '19:00:00', 4, 1, 0, '', ''),
('2025-03-28', '21:00:00', 1, 1, 0, '', ''),
('2025-03-28', '21:00:00', 2, 1, 0, '', ''),
('2025-03-28', '21:00:00', 3, 1, 0, '', ''),
('2025-03-28', '21:00:00', 4, 1, 0, '', ''),
('2025-03-29', '21:00:00', 1, 1, 0, '', ''),
('2025-03-29', '21:00:00', 2, 1, 0, '', ''),
('2025-03-29', '21:00:00', 3, 1, 0, '', ''),
('2025-03-29', '21:00:00', 4, 1, 0, '', ''),
('2025-03-30', '17:00:00', 1, 1, 0, '', ''),
('2025-03-30', '17:00:00', 2, 1, 0, '', ''),
('2025-03-30', '17:00:00', 3, 1, 0, '', ''),
('2025-03-30', '17:00:00', 4, 1, 0, '', ''),
('2025-03-30', '19:00:00', 1, 1, 0, '', ''),
('2025-03-30', '19:00:00', 2, 1, 0, '', ''),
('2025-03-30', '19:00:00', 3, 1, 0, '', ''),
('2025-03-30', '19:00:00', 4, 1, 0, '', ''),
('2025-04-02', '17:00:00', 1, 1, 0, '', ''),
('2025-04-02', '17:00:00', 2, 1, 0, '', ''),
('2025-04-02', '17:00:00', 3, 1, 0, '', ''),
('2025-04-02', '17:00:00', 4, 1, 0, '', ''),
('2025-04-02', '19:00:00', 1, 1, 0, '', ''),
('2025-04-02', '19:00:00', 2, 1, 0, '', ''),
('2025-04-02', '19:00:00', 3, 1, 0, '', ''),
('2025-04-02', '19:00:00', 4, 1, 0, '', ''),
('2025-04-03', '17:00:00', 1, 1, 0, '', ''),
('2025-04-03', '17:00:00', 2, 1, 0, '', ''),
('2025-04-03', '17:00:00', 3, 1, 0, '', ''),
('2025-04-03', '17:00:00', 4, 1, 0, '', ''),
('2025-04-03', '19:00:00', 1, 1, 0, '', ''),
('2025-04-03', '19:00:00', 2, 1, 0, '', ''),
('2025-04-03', '19:00:00', 3, 1, 0, '', ''),
('2025-04-03', '19:00:00', 4, 1, 0, '', ''),
('2025-04-04', '21:00:00', 1, 1, 0, '', ''),
('2025-04-04', '21:00:00', 2, 1, 0, '', ''),
('2025-04-04', '21:00:00', 3, 1, 0, '', ''),
('2025-04-04', '21:00:00', 4, 1, 0, '', ''),
('2025-04-05', '21:00:00', 1, 1, 0, '', ''),
('2025-04-05', '21:00:00', 2, 1, 0, '', ''),
('2025-04-05', '21:00:00', 3, 1, 0, '', ''),
('2025-04-05', '21:00:00', 4, 1, 0, '', ''),
('2025-04-06', '17:00:00', 1, 1, 0, '', ''),
('2025-04-06', '17:00:00', 2, 1, 0, '', ''),
('2025-04-06', '17:00:00', 3, 1, 0, '', ''),
('2025-04-06', '17:00:00', 4, 1, 0, '', ''),
('2025-04-06', '19:00:00', 1, 1, 0, '', ''),
('2025-04-06', '19:00:00', 2, 1, 0, '', ''),
('2025-04-06', '19:00:00', 3, 1, 0, '', ''),
('2025-04-06', '19:00:00', 4, 1, 0, '', ''),
('2025-04-09', '17:00:00', 1, 1, 0, '', ''),
('2025-04-09', '17:00:00', 2, 1, 0, '', ''),
('2025-04-09', '17:00:00', 3, 1, 0, '', ''),
('2025-04-09', '17:00:00', 4, 1, 0, '', ''),
('2025-04-09', '19:00:00', 1, 1, 0, '', ''),
('2025-04-09', '19:00:00', 2, 1, 0, '', ''),
('2025-04-09', '19:00:00', 3, 1, 0, '', ''),
('2025-04-09', '19:00:00', 4, 1, 0, '', ''),
('2025-04-10', '17:00:00', 1, 1, 0, '', ''),
('2025-04-10', '17:00:00', 2, 1, 0, '', ''),
('2025-04-10', '17:00:00', 3, 1, 0, '', ''),
('2025-04-10', '17:00:00', 4, 1, 0, '', ''),
('2025-04-10', '19:00:00', 1, 1, 0, '', ''),
('2025-04-10', '19:00:00', 2, 1, 0, '', ''),
('2025-04-10', '19:00:00', 3, 1, 0, '', ''),
('2025-04-10', '19:00:00', 4, 1, 0, '', ''),
('2025-04-11', '21:00:00', 1, 1, 0, '', ''),
('2025-04-11', '21:00:00', 2, 1, 0, '', ''),
('2025-04-11', '21:00:00', 3, 1, 0, '', ''),
('2025-04-11', '21:00:00', 4, 1, 0, '', ''),
('2025-04-12', '21:00:00', 1, 1, 0, '', ''),
('2025-04-12', '21:00:00', 2, 1, 0, '', ''),
('2025-04-12', '21:00:00', 3, 1, 0, '', ''),
('2025-04-12', '21:00:00', 4, 1, 0, '', ''),
('2025-04-13', '17:00:00', 1, 1, 0, '', ''),
('2025-04-13', '17:00:00', 2, 1, 0, '', ''),
('2025-04-13', '17:00:00', 3, 1, 0, '', ''),
('2025-04-13', '17:00:00', 4, 1, 0, '', ''),
('2025-04-13', '19:00:00', 1, 1, 0, '', ''),
('2025-04-13', '19:00:00', 2, 1, 0, '', ''),
('2025-04-13', '19:00:00', 3, 1, 0, '', ''),
('2025-04-13', '19:00:00', 4, 1, 0, '', ''),
('2025-04-16', '17:00:00', 1, 1, 0, '', ''),
('2025-04-16', '17:00:00', 2, 1, 0, '', ''),
('2025-04-16', '17:00:00', 3, 1, 0, '', ''),
('2025-04-16', '17:00:00', 4, 1, 0, '', ''),
('2025-04-16', '19:00:00', 1, 1, 0, '', ''),
('2025-04-16', '19:00:00', 2, 1, 0, '', ''),
('2025-04-16', '19:00:00', 3, 1, 0, '', ''),
('2025-04-16', '19:00:00', 4, 1, 0, '', ''),
('2025-04-17', '17:00:00', 1, 1, 0, '', ''),
('2025-04-17', '17:00:00', 2, 1, 0, '', ''),
('2025-04-17', '17:00:00', 3, 1, 0, '', ''),
('2025-04-17', '17:00:00', 4, 1, 0, '', ''),
('2025-04-17', '19:00:00', 1, 1, 0, '', ''),
('2025-04-17', '19:00:00', 2, 1, 0, '', ''),
('2025-04-17', '19:00:00', 3, 1, 0, '', ''),
('2025-04-17', '19:00:00', 4, 1, 0, '', ''),
('2025-04-18', '21:00:00', 1, 1, 0, '', ''),
('2025-04-18', '21:00:00', 2, 1, 0, '', ''),
('2025-04-18', '21:00:00', 3, 1, 0, '', ''),
('2025-04-18', '21:00:00', 4, 1, 0, '', ''),
('2025-04-19', '21:00:00', 1, 1, 0, '', ''),
('2025-04-19', '21:00:00', 2, 1, 0, '', ''),
('2025-04-19', '21:00:00', 3, 1, 0, '', ''),
('2025-04-19', '21:00:00', 4, 1, 0, '', ''),
('2025-04-20', '17:00:00', 1, 1, 0, '', ''),
('2025-04-20', '17:00:00', 2, 1, 0, '', ''),
('2025-04-20', '17:00:00', 3, 1, 0, '', ''),
('2025-04-20', '17:00:00', 4, 1, 0, '', ''),
('2025-04-20', '19:00:00', 1, 1, 0, '', ''),
('2025-04-20', '19:00:00', 2, 1, 0, '', ''),
('2025-04-20', '19:00:00', 3, 1, 0, '', ''),
('2025-04-20', '19:00:00', 4, 1, 0, '', ''),
('2025-04-23', '17:00:00', 1, 1, 0, '', ''),
('2025-04-23', '17:00:00', 2, 1, 0, '', ''),
('2025-04-23', '17:00:00', 3, 1, 0, '', ''),
('2025-04-23', '17:00:00', 4, 1, 0, '', ''),
('2025-04-23', '19:00:00', 1, 1, 0, '', ''),
('2025-04-23', '19:00:00', 2, 1, 0, '', ''),
('2025-04-23', '19:00:00', 3, 1, 0, '', ''),
('2025-04-23', '19:00:00', 4, 1, 0, '', ''),
('2025-04-24', '17:00:00', 1, 1, 0, '', ''),
('2025-04-24', '17:00:00', 2, 1, 0, '', ''),
('2025-04-24', '17:00:00', 3, 1, 0, '', ''),
('2025-04-24', '17:00:00', 4, 1, 0, '', ''),
('2025-04-24', '19:00:00', 1, 1, 0, '', ''),
('2025-04-24', '19:00:00', 2, 1, 0, '', ''),
('2025-04-24', '19:00:00', 3, 1, 0, '', ''),
('2025-04-24', '19:00:00', 4, 1, 0, '', ''),
('2025-04-25', '21:00:00', 1, 1, 0, '', ''),
('2025-04-25', '21:00:00', 2, 1, 0, '', ''),
('2025-04-25', '21:00:00', 3, 1, 0, '', ''),
('2025-04-25', '21:00:00', 4, 1, 0, '', ''),
('2025-04-26', '21:00:00', 1, 1, 0, '', ''),
('2025-04-26', '21:00:00', 2, 1, 0, '', ''),
('2025-04-26', '21:00:00', 3, 1, 0, '', ''),
('2025-04-26', '21:00:00', 4, 1, 0, '', ''),
('2025-04-27', '17:00:00', 1, 1, 0, '', ''),
('2025-04-27', '17:00:00', 2, 1, 0, '', ''),
('2025-04-27', '17:00:00', 3, 1, 0, '', ''),
('2025-04-27', '17:00:00', 4, 1, 0, '', ''),
('2025-04-27', '19:00:00', 1, 1, 0, '', ''),
('2025-04-27', '19:00:00', 2, 1, 0, '', ''),
('2025-04-27', '19:00:00', 3, 1, 0, '', ''),
('2025-04-27', '19:00:00', 4, 1, 0, '', ''),
('2025-04-30', '17:00:00', 1, 1, 0, '', ''),
('2025-04-30', '17:00:00', 2, 1, 0, '', ''),
('2025-04-30', '17:00:00', 3, 1, 0, '', ''),
('2025-04-30', '17:00:00', 4, 1, 0, '', ''),
('2025-04-30', '19:00:00', 1, 1, 0, '', ''),
('2025-04-30', '19:00:00', 2, 1, 0, '', ''),
('2025-04-30', '19:00:00', 3, 1, 0, '', ''),
('2025-04-30', '19:00:00', 4, 1, 0, '', ''),
('2025-05-01', '17:00:00', 1, 1, 0, '', ''),
('2025-05-01', '17:00:00', 2, 1, 0, '', ''),
('2025-05-01', '17:00:00', 3, 1, 0, '', ''),
('2025-05-01', '17:00:00', 4, 1, 0, '', ''),
('2025-05-01', '19:00:00', 1, 1, 0, '', ''),
('2025-05-01', '19:00:00', 2, 1, 0, '', ''),
('2025-05-01', '19:00:00', 3, 1, 0, '', ''),
('2025-05-01', '19:00:00', 4, 1, 0, '', ''),
('2025-05-02', '21:00:00', 1, 1, 0, '', ''),
('2025-05-02', '21:00:00', 2, 1, 0, '', ''),
('2025-05-02', '21:00:00', 3, 1, 0, '', ''),
('2025-05-02', '21:00:00', 4, 1, 0, '', ''),
('2025-05-03', '21:00:00', 1, 1, 0, '', ''),
('2025-05-03', '21:00:00', 2, 1, 0, '', ''),
('2025-05-03', '21:00:00', 3, 1, 0, '', ''),
('2025-05-03', '21:00:00', 4, 1, 0, '', ''),
('2025-05-04', '17:00:00', 1, 1, 0, '', ''),
('2025-05-04', '17:00:00', 2, 1, 0, '', ''),
('2025-05-04', '17:00:00', 3, 1, 0, '', ''),
('2025-05-04', '17:00:00', 4, 1, 0, '', ''),
('2025-05-04', '19:00:00', 1, 1, 0, '', ''),
('2025-05-04', '19:00:00', 2, 1, 0, '', ''),
('2025-05-04', '19:00:00', 3, 1, 0, '', ''),
('2025-05-04', '19:00:00', 4, 1, 0, '', ''),
('2025-05-07', '17:00:00', 1, 1, 0, '', ''),
('2025-05-07', '17:00:00', 2, 1, 0, '', ''),
('2025-05-07', '17:00:00', 3, 1, 0, '', ''),
('2025-05-07', '17:00:00', 4, 1, 0, '', ''),
('2025-05-07', '19:00:00', 1, 1, 0, '', ''),
('2025-05-07', '19:00:00', 2, 1, 0, '', ''),
('2025-05-07', '19:00:00', 3, 1, 0, '', ''),
('2025-05-07', '19:00:00', 4, 1, 0, '', ''),
('2025-05-08', '17:00:00', 1, 1, 0, '', ''),
('2025-05-08', '17:00:00', 2, 1, 0, '', ''),
('2025-05-08', '17:00:00', 3, 1, 0, '', ''),
('2025-05-08', '17:00:00', 4, 1, 0, '', ''),
('2025-05-08', '19:00:00', 1, 1, 0, '', ''),
('2025-05-08', '19:00:00', 2, 1, 0, '', ''),
('2025-05-08', '19:00:00', 3, 1, 0, '', ''),
('2025-05-08', '19:00:00', 4, 1, 0, '', ''),
('2025-05-09', '21:00:00', 1, 1, 0, '', ''),
('2025-05-09', '21:00:00', 2, 1, 0, '', ''),
('2025-05-09', '21:00:00', 3, 1, 0, '', ''),
('2025-05-09', '21:00:00', 4, 1, 0, '', ''),
('2025-05-10', '21:00:00', 1, 1, 0, '', ''),
('2025-05-10', '21:00:00', 2, 1, 0, '', ''),
('2025-05-10', '21:00:00', 3, 1, 0, '', ''),
('2025-05-10', '21:00:00', 4, 1, 0, '', ''),
('2025-05-11', '17:00:00', 1, 1, 0, '', ''),
('2025-05-11', '17:00:00', 2, 1, 0, '', ''),
('2025-05-11', '17:00:00', 3, 1, 0, '', ''),
('2025-05-11', '17:00:00', 4, 1, 0, '', ''),
('2025-05-11', '19:00:00', 1, 1, 0, '', ''),
('2025-05-11', '19:00:00', 2, 1, 0, '', ''),
('2025-05-11', '19:00:00', 3, 1, 0, '', ''),
('2025-05-11', '19:00:00', 4, 1, 0, '', ''),
('2025-05-14', '17:00:00', 1, 1, 0, '', ''),
('2025-05-14', '17:00:00', 2, 1, 0, '', ''),
('2025-05-14', '17:00:00', 3, 1, 0, '', ''),
('2025-05-14', '17:00:00', 4, 1, 0, '', ''),
('2025-05-14', '19:00:00', 1, 1, 0, '', ''),
('2025-05-14', '19:00:00', 2, 1, 0, '', ''),
('2025-05-14', '19:00:00', 3, 1, 0, '', ''),
('2025-05-14', '19:00:00', 4, 1, 0, '', ''),
('2025-05-15', '17:00:00', 1, 1, 0, '', ''),
('2025-05-15', '17:00:00', 2, 1, 0, '', ''),
('2025-05-15', '17:00:00', 3, 1, 0, '', ''),
('2025-05-15', '17:00:00', 4, 1, 0, '', ''),
('2025-05-15', '19:00:00', 1, 1, 0, '', ''),
('2025-05-15', '19:00:00', 2, 1, 0, '', ''),
('2025-05-15', '19:00:00', 3, 1, 0, '', ''),
('2025-05-15', '19:00:00', 4, 1, 0, '', ''),
('2025-05-16', '21:00:00', 1, 1, 0, '', ''),
('2025-05-16', '21:00:00', 2, 1, 0, '', ''),
('2025-05-16', '21:00:00', 3, 1, 0, '', ''),
('2025-05-16', '21:00:00', 4, 1, 0, '', ''),
('2025-05-17', '21:00:00', 1, 1, 0, '', ''),
('2025-05-17', '21:00:00', 2, 1, 0, '', ''),
('2025-05-17', '21:00:00', 3, 1, 0, '', ''),
('2025-05-17', '21:00:00', 4, 1, 0, '', ''),
('2025-05-18', '17:00:00', 1, 1, 0, '', ''),
('2025-05-18', '17:00:00', 2, 1, 0, '', ''),
('2025-05-18', '17:00:00', 3, 1, 0, '', ''),
('2025-05-18', '17:00:00', 4, 1, 0, '', ''),
('2025-05-18', '19:00:00', 1, 1, 0, '', ''),
('2025-05-18', '19:00:00', 2, 1, 0, '', ''),
('2025-05-18', '19:00:00', 3, 1, 0, '', ''),
('2025-05-18', '19:00:00', 4, 1, 0, '', ''),
('2025-05-21', '17:00:00', 1, 1, 0, '', ''),
('2025-05-21', '17:00:00', 2, 1, 0, '', ''),
('2025-05-21', '17:00:00', 3, 1, 0, '', ''),
('2025-05-21', '17:00:00', 4, 1, 0, '', ''),
('2025-05-21', '19:00:00', 1, 1, 0, '', ''),
('2025-05-21', '19:00:00', 2, 1, 0, '', ''),
('2025-05-21', '19:00:00', 3, 1, 0, '', ''),
('2025-05-21', '19:00:00', 4, 1, 0, '', ''),
('2025-05-22', '17:00:00', 1, 1, 0, '', ''),
('2025-05-22', '17:00:00', 2, 1, 0, '', ''),
('2025-05-22', '17:00:00', 3, 1, 0, '', ''),
('2025-05-22', '17:00:00', 4, 1, 0, '', ''),
('2025-05-22', '19:00:00', 1, 1, 0, '', ''),
('2025-05-22', '19:00:00', 2, 1, 0, '', ''),
('2025-05-22', '19:00:00', 3, 1, 0, '', ''),
('2025-05-22', '19:00:00', 4, 1, 0, '', ''),
('2025-05-23', '21:00:00', 1, 1, 0, '', ''),
('2025-05-23', '21:00:00', 2, 1, 0, '', ''),
('2025-05-23', '21:00:00', 3, 1, 0, '', ''),
('2025-05-23', '21:00:00', 4, 1, 0, '', ''),
('2025-05-24', '21:00:00', 1, 1, 0, '', ''),
('2025-05-24', '21:00:00', 2, 1, 0, '', ''),
('2025-05-24', '21:00:00', 3, 1, 0, '', ''),
('2025-05-24', '21:00:00', 4, 1, 0, '', ''),
('2025-05-25', '17:00:00', 1, 1, 0, '', ''),
('2025-05-25', '17:00:00', 2, 1, 0, '', ''),
('2025-05-25', '17:00:00', 3, 1, 0, '', ''),
('2025-05-25', '17:00:00', 4, 1, 0, '', ''),
('2025-05-25', '19:00:00', 1, 1, 0, '', ''),
('2025-05-25', '19:00:00', 2, 1, 0, '', ''),
('2025-05-25', '19:00:00', 3, 1, 0, '', ''),
('2025-05-25', '19:00:00', 4, 1, 0, '', ''),
('2025-05-28', '17:00:00', 1, 1, 0, '', ''),
('2025-05-28', '17:00:00', 2, 1, 0, '', ''),
('2025-05-28', '17:00:00', 3, 1, 0, '', ''),
('2025-05-28', '17:00:00', 4, 1, 0, '', ''),
('2025-05-28', '19:00:00', 1, 1, 0, '', ''),
('2025-05-28', '19:00:00', 2, 1, 0, '', ''),
('2025-05-28', '19:00:00', 3, 1, 0, '', ''),
('2025-05-28', '19:00:00', 4, 1, 0, '', ''),
('2025-05-29', '17:00:00', 1, 1, 0, '', ''),
('2025-05-29', '17:00:00', 2, 1, 0, '', ''),
('2025-05-29', '17:00:00', 3, 1, 0, '', ''),
('2025-05-29', '17:00:00', 4, 1, 0, '', ''),
('2025-05-29', '19:00:00', 1, 1, 0, '', ''),
('2025-05-29', '19:00:00', 2, 1, 0, '', ''),
('2025-05-29', '19:00:00', 3, 1, 0, '', ''),
('2025-05-29', '19:00:00', 4, 1, 0, '', ''),
('2025-05-30', '21:00:00', 1, 1, 0, '', ''),
('2025-05-30', '21:00:00', 2, 1, 0, '', ''),
('2025-05-30', '21:00:00', 3, 1, 0, '', ''),
('2025-05-30', '21:00:00', 4, 1, 0, '', ''),
('2025-05-31', '21:00:00', 1, 1, 0, '', ''),
('2025-05-31', '21:00:00', 2, 1, 0, '', ''),
('2025-05-31', '21:00:00', 3, 1, 0, '', ''),
('2025-05-31', '21:00:00', 4, 1, 0, '', ''),
('2025-06-01', '17:00:00', 1, 1, 0, '', ''),
('2025-06-01', '17:00:00', 2, 1, 0, '', ''),
('2025-06-01', '17:00:00', 3, 1, 0, '', ''),
('2025-06-01', '17:00:00', 4, 1, 0, '', ''),
('2025-06-01', '19:00:00', 1, 1, 0, '', ''),
('2025-06-01', '19:00:00', 2, 1, 0, '', ''),
('2025-06-01', '19:00:00', 3, 1, 0, '', ''),
('2025-06-01', '19:00:00', 4, 1, 0, '', ''),
('2025-06-04', '17:00:00', 1, 1, 0, '', ''),
('2025-06-04', '17:00:00', 2, 1, 0, '', ''),
('2025-06-04', '17:00:00', 3, 1, 0, '', ''),
('2025-06-04', '17:00:00', 4, 1, 0, '', ''),
('2025-06-04', '19:00:00', 1, 1, 0, '', ''),
('2025-06-04', '19:00:00', 2, 1, 0, '', ''),
('2025-06-04', '19:00:00', 3, 1, 0, '', ''),
('2025-06-04', '19:00:00', 4, 1, 0, '', ''),
('2025-06-05', '17:00:00', 1, 1, 0, '', ''),
('2025-06-05', '17:00:00', 2, 1, 0, '', ''),
('2025-06-05', '17:00:00', 3, 1, 0, '', ''),
('2025-06-05', '17:00:00', 4, 1, 0, '', ''),
('2025-06-05', '19:00:00', 1, 1, 0, '', ''),
('2025-06-05', '19:00:00', 2, 1, 0, '', ''),
('2025-06-05', '19:00:00', 3, 1, 0, '', ''),
('2025-06-05', '19:00:00', 4, 1, 0, '', '');
INSERT INTO `reservations` (`date_field`, `time_field`, `table_id`, `state_id`, `persons`, `name`, `email`) VALUES
('2025-06-06', '21:00:00', 1, 1, 0, '', ''),
('2025-06-06', '21:00:00', 2, 1, 0, '', ''),
('2025-06-06', '21:00:00', 3, 1, 0, '', ''),
('2025-06-06', '21:00:00', 4, 1, 0, '', ''),
('2025-06-07', '21:00:00', 1, 1, 0, '', ''),
('2025-06-07', '21:00:00', 2, 1, 0, '', ''),
('2025-06-07', '21:00:00', 3, 1, 0, '', ''),
('2025-06-07', '21:00:00', 4, 1, 0, '', ''),
('2025-06-08', '17:00:00', 1, 1, 0, '', ''),
('2025-06-08', '17:00:00', 2, 1, 0, '', ''),
('2025-06-08', '17:00:00', 3, 1, 0, '', ''),
('2025-06-08', '17:00:00', 4, 1, 0, '', ''),
('2025-06-08', '19:00:00', 1, 1, 0, '', ''),
('2025-06-08', '19:00:00', 2, 1, 0, '', ''),
('2025-06-08', '19:00:00', 3, 1, 0, '', ''),
('2025-06-08', '19:00:00', 4, 1, 0, '', ''),
('2025-06-11', '17:00:00', 1, 1, 0, '', ''),
('2025-06-11', '17:00:00', 2, 1, 0, '', ''),
('2025-06-11', '17:00:00', 3, 1, 0, '', ''),
('2025-06-11', '17:00:00', 4, 1, 0, '', ''),
('2025-06-11', '19:00:00', 1, 1, 0, '', ''),
('2025-06-11', '19:00:00', 2, 1, 0, '', ''),
('2025-06-11', '19:00:00', 3, 1, 0, '', ''),
('2025-06-11', '19:00:00', 4, 1, 0, '', ''),
('2025-06-12', '17:00:00', 1, 1, 0, '', ''),
('2025-06-12', '17:00:00', 2, 1, 0, '', ''),
('2025-06-12', '17:00:00', 3, 1, 0, '', ''),
('2025-06-12', '17:00:00', 4, 1, 0, '', ''),
('2025-06-12', '19:00:00', 1, 1, 0, '', ''),
('2025-06-12', '19:00:00', 2, 1, 0, '', ''),
('2025-06-12', '19:00:00', 3, 1, 0, '', ''),
('2025-06-12', '19:00:00', 4, 1, 0, '', ''),
('2025-06-13', '21:00:00', 1, 1, 0, '', ''),
('2025-06-13', '21:00:00', 2, 1, 0, '', ''),
('2025-06-13', '21:00:00', 3, 1, 0, '', ''),
('2025-06-13', '21:00:00', 4, 1, 0, '', ''),
('2025-06-14', '21:00:00', 1, 1, 0, '', ''),
('2025-06-14', '21:00:00', 2, 1, 0, '', ''),
('2025-06-14', '21:00:00', 3, 1, 0, '', ''),
('2025-06-14', '21:00:00', 4, 1, 0, '', ''),
('2025-06-15', '17:00:00', 1, 1, 0, '', ''),
('2025-06-15', '17:00:00', 2, 1, 0, '', ''),
('2025-06-15', '17:00:00', 3, 1, 0, '', ''),
('2025-06-15', '17:00:00', 4, 1, 0, '', ''),
('2025-06-15', '19:00:00', 1, 1, 0, '', ''),
('2025-06-15', '19:00:00', 2, 1, 0, '', ''),
('2025-06-15', '19:00:00', 3, 1, 0, '', ''),
('2025-06-15', '19:00:00', 4, 1, 0, '', ''),
('2025-06-18', '17:00:00', 1, 1, 0, '', ''),
('2025-06-18', '17:00:00', 2, 1, 0, '', ''),
('2025-06-18', '17:00:00', 3, 1, 0, '', ''),
('2025-06-18', '17:00:00', 4, 1, 0, '', ''),
('2025-06-18', '19:00:00', 1, 1, 0, '', ''),
('2025-06-18', '19:00:00', 2, 1, 0, '', ''),
('2025-06-18', '19:00:00', 3, 1, 0, '', ''),
('2025-06-18', '19:00:00', 4, 1, 0, '', ''),
('2025-06-19', '17:00:00', 1, 1, 0, '', ''),
('2025-06-19', '17:00:00', 2, 1, 0, '', ''),
('2025-06-19', '17:00:00', 3, 1, 0, '', ''),
('2025-06-19', '17:00:00', 4, 1, 0, '', ''),
('2025-06-19', '19:00:00', 1, 1, 0, '', ''),
('2025-06-19', '19:00:00', 2, 1, 0, '', ''),
('2025-06-19', '19:00:00', 3, 1, 0, '', ''),
('2025-06-19', '19:00:00', 4, 1, 0, '', ''),
('2025-06-20', '21:00:00', 1, 1, 0, '', ''),
('2025-06-20', '21:00:00', 2, 1, 0, '', ''),
('2025-06-20', '21:00:00', 3, 1, 0, '', ''),
('2025-06-20', '21:00:00', 4, 1, 0, '', ''),
('2025-06-21', '21:00:00', 1, 1, 0, '', ''),
('2025-06-21', '21:00:00', 2, 1, 0, '', ''),
('2025-06-21', '21:00:00', 3, 1, 0, '', ''),
('2025-06-21', '21:00:00', 4, 1, 0, '', ''),
('2025-06-22', '17:00:00', 1, 1, 0, '', ''),
('2025-06-22', '17:00:00', 2, 1, 0, '', ''),
('2025-06-22', '17:00:00', 3, 1, 0, '', ''),
('2025-06-22', '17:00:00', 4, 1, 0, '', ''),
('2025-06-22', '19:00:00', 1, 1, 0, '', ''),
('2025-06-22', '19:00:00', 2, 1, 0, '', ''),
('2025-06-22', '19:00:00', 3, 1, 0, '', ''),
('2025-06-22', '19:00:00', 4, 1, 0, '', ''),
('2025-06-25', '17:00:00', 1, 1, 0, '', ''),
('2025-06-25', '17:00:00', 2, 1, 0, '', ''),
('2025-06-25', '17:00:00', 3, 1, 0, '', ''),
('2025-06-25', '17:00:00', 4, 1, 0, '', ''),
('2025-06-25', '19:00:00', 1, 1, 0, '', ''),
('2025-06-25', '19:00:00', 2, 1, 0, '', ''),
('2025-06-25', '19:00:00', 3, 1, 0, '', ''),
('2025-06-25', '19:00:00', 4, 1, 0, '', ''),
('2025-06-26', '17:00:00', 1, 1, 0, '', ''),
('2025-06-26', '17:00:00', 2, 1, 0, '', ''),
('2025-06-26', '17:00:00', 3, 1, 0, '', ''),
('2025-06-26', '17:00:00', 4, 1, 0, '', ''),
('2025-06-26', '19:00:00', 1, 1, 0, '', ''),
('2025-06-26', '19:00:00', 2, 1, 0, '', ''),
('2025-06-26', '19:00:00', 3, 1, 0, '', ''),
('2025-06-26', '19:00:00', 4, 1, 0, '', ''),
('2025-06-27', '21:00:00', 1, 1, 0, '', ''),
('2025-06-27', '21:00:00', 2, 1, 0, '', ''),
('2025-06-27', '21:00:00', 3, 1, 0, '', ''),
('2025-06-27', '21:00:00', 4, 1, 0, '', ''),
('2025-06-28', '21:00:00', 1, 1, 0, '', ''),
('2025-06-28', '21:00:00', 2, 1, 0, '', ''),
('2025-06-28', '21:00:00', 3, 1, 0, '', ''),
('2025-06-28', '21:00:00', 4, 1, 0, '', ''),
('2025-06-29', '17:00:00', 1, 1, 0, '', ''),
('2025-06-29', '17:00:00', 2, 1, 0, '', ''),
('2025-06-29', '17:00:00', 3, 1, 0, '', ''),
('2025-06-29', '17:00:00', 4, 1, 0, '', ''),
('2025-06-29', '19:00:00', 1, 1, 0, '', ''),
('2025-06-29', '19:00:00', 2, 1, 0, '', ''),
('2025-06-29', '19:00:00', 3, 1, 0, '', ''),
('2025-06-29', '19:00:00', 4, 1, 0, '', ''),
('2025-07-02', '17:00:00', 1, 1, 0, '', ''),
('2025-07-02', '17:00:00', 2, 1, 0, '', ''),
('2025-07-02', '17:00:00', 3, 1, 0, '', ''),
('2025-07-02', '17:00:00', 4, 1, 0, '', ''),
('2025-07-02', '19:00:00', 1, 1, 0, '', ''),
('2025-07-02', '19:00:00', 2, 1, 0, '', ''),
('2025-07-02', '19:00:00', 3, 1, 0, '', ''),
('2025-07-02', '19:00:00', 4, 1, 0, '', ''),
('2025-07-03', '17:00:00', 1, 1, 0, '', ''),
('2025-07-03', '17:00:00', 2, 1, 0, '', ''),
('2025-07-03', '17:00:00', 3, 1, 0, '', ''),
('2025-07-03', '17:00:00', 4, 1, 0, '', ''),
('2025-07-03', '19:00:00', 1, 1, 0, '', ''),
('2025-07-03', '19:00:00', 2, 1, 0, '', ''),
('2025-07-03', '19:00:00', 3, 1, 0, '', ''),
('2025-07-03', '19:00:00', 4, 1, 0, '', ''),
('2025-07-04', '21:00:00', 1, 1, 0, '', ''),
('2025-07-04', '21:00:00', 2, 1, 0, '', ''),
('2025-07-04', '21:00:00', 3, 1, 0, '', ''),
('2025-07-04', '21:00:00', 4, 1, 0, '', ''),
('2025-07-05', '21:00:00', 1, 1, 0, '', ''),
('2025-07-05', '21:00:00', 2, 1, 0, '', ''),
('2025-07-05', '21:00:00', 3, 1, 0, '', ''),
('2025-07-05', '21:00:00', 4, 1, 0, '', ''),
('2025-07-06', '17:00:00', 1, 1, 0, '', ''),
('2025-07-06', '17:00:00', 2, 1, 0, '', ''),
('2025-07-06', '17:00:00', 3, 1, 0, '', ''),
('2025-07-06', '17:00:00', 4, 1, 0, '', ''),
('2025-07-06', '19:00:00', 1, 1, 0, '', ''),
('2025-07-06', '19:00:00', 2, 1, 0, '', ''),
('2025-07-06', '19:00:00', 3, 1, 0, '', ''),
('2025-07-06', '19:00:00', 4, 1, 0, '', ''),
('2025-07-09', '17:00:00', 1, 1, 0, '', ''),
('2025-07-09', '17:00:00', 2, 1, 0, '', ''),
('2025-07-09', '17:00:00', 3, 1, 0, '', ''),
('2025-07-09', '17:00:00', 4, 1, 0, '', ''),
('2025-07-09', '19:00:00', 1, 1, 0, '', ''),
('2025-07-09', '19:00:00', 2, 1, 0, '', ''),
('2025-07-09', '19:00:00', 3, 1, 0, '', ''),
('2025-07-09', '19:00:00', 4, 1, 0, '', ''),
('2025-07-10', '17:00:00', 1, 1, 0, '', ''),
('2025-07-10', '17:00:00', 2, 1, 0, '', ''),
('2025-07-10', '17:00:00', 3, 1, 0, '', ''),
('2025-07-10', '17:00:00', 4, 1, 0, '', ''),
('2025-07-10', '19:00:00', 1, 1, 0, '', ''),
('2025-07-10', '19:00:00', 2, 1, 0, '', ''),
('2025-07-10', '19:00:00', 3, 1, 0, '', ''),
('2025-07-10', '19:00:00', 4, 1, 0, '', ''),
('2025-07-11', '21:00:00', 1, 1, 0, '', ''),
('2025-07-11', '21:00:00', 2, 1, 0, '', ''),
('2025-07-11', '21:00:00', 3, 1, 0, '', ''),
('2025-07-11', '21:00:00', 4, 1, 0, '', ''),
('2025-07-12', '21:00:00', 1, 1, 0, '', ''),
('2025-07-12', '21:00:00', 2, 1, 0, '', ''),
('2025-07-12', '21:00:00', 3, 1, 0, '', ''),
('2025-07-12', '21:00:00', 4, 1, 0, '', ''),
('2025-07-13', '17:00:00', 1, 1, 0, '', ''),
('2025-07-13', '17:00:00', 2, 1, 0, '', ''),
('2025-07-13', '17:00:00', 3, 1, 0, '', ''),
('2025-07-13', '17:00:00', 4, 1, 0, '', ''),
('2025-07-13', '19:00:00', 1, 1, 0, '', ''),
('2025-07-13', '19:00:00', 2, 1, 0, '', ''),
('2025-07-13', '19:00:00', 3, 1, 0, '', ''),
('2025-07-13', '19:00:00', 4, 1, 0, '', ''),
('2025-07-16', '17:00:00', 1, 1, 0, '', ''),
('2025-07-16', '17:00:00', 2, 1, 0, '', ''),
('2025-07-16', '17:00:00', 3, 1, 0, '', ''),
('2025-07-16', '17:00:00', 4, 1, 0, '', ''),
('2025-07-16', '19:00:00', 1, 1, 0, '', ''),
('2025-07-16', '19:00:00', 2, 1, 0, '', ''),
('2025-07-16', '19:00:00', 3, 1, 0, '', ''),
('2025-07-16', '19:00:00', 4, 1, 0, '', ''),
('2025-07-17', '17:00:00', 1, 1, 0, '', ''),
('2025-07-17', '17:00:00', 2, 1, 0, '', ''),
('2025-07-17', '17:00:00', 3, 1, 0, '', ''),
('2025-07-17', '17:00:00', 4, 1, 0, '', ''),
('2025-07-17', '19:00:00', 1, 1, 0, '', ''),
('2025-07-17', '19:00:00', 2, 1, 0, '', ''),
('2025-07-17', '19:00:00', 3, 1, 0, '', ''),
('2025-07-17', '19:00:00', 4, 1, 0, '', ''),
('2025-07-18', '21:00:00', 1, 1, 0, '', ''),
('2025-07-18', '21:00:00', 2, 1, 0, '', ''),
('2025-07-18', '21:00:00', 3, 1, 0, '', ''),
('2025-07-18', '21:00:00', 4, 1, 0, '', ''),
('2025-07-19', '21:00:00', 1, 1, 0, '', ''),
('2025-07-19', '21:00:00', 2, 1, 0, '', ''),
('2025-07-19', '21:00:00', 3, 1, 0, '', ''),
('2025-07-19', '21:00:00', 4, 1, 0, '', ''),
('2025-07-20', '17:00:00', 1, 1, 0, '', ''),
('2025-07-20', '17:00:00', 2, 1, 0, '', ''),
('2025-07-20', '17:00:00', 3, 1, 0, '', ''),
('2025-07-20', '17:00:00', 4, 1, 0, '', ''),
('2025-07-20', '19:00:00', 1, 1, 0, '', ''),
('2025-07-20', '19:00:00', 2, 1, 0, '', ''),
('2025-07-20', '19:00:00', 3, 1, 0, '', ''),
('2025-07-20', '19:00:00', 4, 1, 0, '', ''),
('2025-07-23', '17:00:00', 1, 1, 0, '', ''),
('2025-07-23', '17:00:00', 2, 1, 0, '', ''),
('2025-07-23', '17:00:00', 3, 1, 0, '', ''),
('2025-07-23', '17:00:00', 4, 1, 0, '', ''),
('2025-07-23', '19:00:00', 1, 1, 0, '', ''),
('2025-07-23', '19:00:00', 2, 1, 0, '', ''),
('2025-07-23', '19:00:00', 3, 1, 0, '', ''),
('2025-07-23', '19:00:00', 4, 1, 0, '', ''),
('2025-07-24', '17:00:00', 1, 1, 0, '', ''),
('2025-07-24', '17:00:00', 2, 1, 0, '', ''),
('2025-07-24', '17:00:00', 3, 1, 0, '', ''),
('2025-07-24', '17:00:00', 4, 1, 0, '', ''),
('2025-07-24', '19:00:00', 1, 1, 0, '', ''),
('2025-07-24', '19:00:00', 2, 1, 0, '', ''),
('2025-07-24', '19:00:00', 3, 1, 0, '', ''),
('2025-07-24', '19:00:00', 4, 1, 0, '', ''),
('2025-07-25', '21:00:00', 1, 1, 0, '', ''),
('2025-07-25', '21:00:00', 2, 1, 0, '', ''),
('2025-07-25', '21:00:00', 3, 1, 0, '', ''),
('2025-07-25', '21:00:00', 4, 1, 0, '', ''),
('2025-07-26', '21:00:00', 1, 1, 0, '', ''),
('2025-07-26', '21:00:00', 2, 1, 0, '', ''),
('2025-07-26', '21:00:00', 3, 1, 0, '', ''),
('2025-07-26', '21:00:00', 4, 1, 0, '', ''),
('2025-07-27', '17:00:00', 1, 1, 0, '', ''),
('2025-07-27', '17:00:00', 2, 1, 0, '', ''),
('2025-07-27', '17:00:00', 3, 1, 0, '', ''),
('2025-07-27', '17:00:00', 4, 1, 0, '', ''),
('2025-07-27', '19:00:00', 1, 1, 0, '', ''),
('2025-07-27', '19:00:00', 2, 1, 0, '', ''),
('2025-07-27', '19:00:00', 3, 1, 0, '', ''),
('2025-07-27', '19:00:00', 4, 1, 0, '', ''),
('2025-07-30', '17:00:00', 1, 1, 0, '', ''),
('2025-07-30', '17:00:00', 2, 1, 0, '', ''),
('2025-07-30', '17:00:00', 3, 1, 0, '', ''),
('2025-07-30', '17:00:00', 4, 1, 0, '', ''),
('2025-07-30', '19:00:00', 1, 1, 0, '', ''),
('2025-07-30', '19:00:00', 2, 1, 0, '', ''),
('2025-07-30', '19:00:00', 3, 1, 0, '', ''),
('2025-07-30', '19:00:00', 4, 1, 0, '', ''),
('2025-07-31', '17:00:00', 1, 1, 0, '', ''),
('2025-07-31', '17:00:00', 2, 1, 0, '', ''),
('2025-07-31', '17:00:00', 3, 1, 0, '', ''),
('2025-07-31', '17:00:00', 4, 1, 0, '', ''),
('2025-07-31', '19:00:00', 1, 1, 0, '', ''),
('2025-07-31', '19:00:00', 2, 1, 0, '', ''),
('2025-07-31', '19:00:00', 3, 1, 0, '', ''),
('2025-07-31', '19:00:00', 4, 1, 0, '', ''),
('2025-08-01', '21:00:00', 1, 1, 0, '', ''),
('2025-08-01', '21:00:00', 2, 1, 0, '', ''),
('2025-08-01', '21:00:00', 3, 1, 0, '', ''),
('2025-08-01', '21:00:00', 4, 1, 0, '', ''),
('2025-08-02', '21:00:00', 1, 1, 0, '', ''),
('2025-08-02', '21:00:00', 2, 1, 0, '', ''),
('2025-08-02', '21:00:00', 3, 1, 0, '', ''),
('2025-08-02', '21:00:00', 4, 1, 0, '', ''),
('2025-08-03', '17:00:00', 1, 1, 0, '', ''),
('2025-08-03', '17:00:00', 2, 1, 0, '', ''),
('2025-08-03', '17:00:00', 3, 1, 0, '', ''),
('2025-08-03', '17:00:00', 4, 1, 0, '', ''),
('2025-08-03', '19:00:00', 1, 1, 0, '', ''),
('2025-08-03', '19:00:00', 2, 1, 0, '', ''),
('2025-08-03', '19:00:00', 3, 1, 0, '', ''),
('2025-08-03', '19:00:00', 4, 1, 0, '', ''),
('2025-08-06', '17:00:00', 1, 1, 0, '', ''),
('2025-08-06', '17:00:00', 2, 1, 0, '', ''),
('2025-08-06', '17:00:00', 3, 1, 0, '', ''),
('2025-08-06', '17:00:00', 4, 1, 0, '', ''),
('2025-08-06', '19:00:00', 1, 1, 0, '', ''),
('2025-08-06', '19:00:00', 2, 1, 0, '', ''),
('2025-08-06', '19:00:00', 3, 1, 0, '', ''),
('2025-08-06', '19:00:00', 4, 1, 0, '', ''),
('2025-08-07', '17:00:00', 1, 1, 0, '', ''),
('2025-08-07', '17:00:00', 2, 1, 0, '', ''),
('2025-08-07', '17:00:00', 3, 1, 0, '', ''),
('2025-08-07', '17:00:00', 4, 1, 0, '', ''),
('2025-08-07', '19:00:00', 1, 1, 0, '', ''),
('2025-08-07', '19:00:00', 2, 1, 0, '', ''),
('2025-08-07', '19:00:00', 3, 1, 0, '', ''),
('2025-08-07', '19:00:00', 4, 1, 0, '', ''),
('2025-08-08', '21:00:00', 1, 1, 0, '', ''),
('2025-08-08', '21:00:00', 2, 1, 0, '', ''),
('2025-08-08', '21:00:00', 3, 1, 0, '', ''),
('2025-08-08', '21:00:00', 4, 1, 0, '', ''),
('2025-08-09', '21:00:00', 1, 1, 0, '', ''),
('2025-08-09', '21:00:00', 2, 1, 0, '', ''),
('2025-08-09', '21:00:00', 3, 1, 0, '', ''),
('2025-08-09', '21:00:00', 4, 1, 0, '', ''),
('2025-08-10', '17:00:00', 1, 1, 0, '', ''),
('2025-08-10', '17:00:00', 2, 1, 0, '', ''),
('2025-08-10', '17:00:00', 3, 1, 0, '', ''),
('2025-08-10', '17:00:00', 4, 1, 0, '', ''),
('2025-08-10', '19:00:00', 1, 1, 0, '', ''),
('2025-08-10', '19:00:00', 2, 1, 0, '', ''),
('2025-08-10', '19:00:00', 3, 1, 0, '', ''),
('2025-08-10', '19:00:00', 4, 1, 0, '', ''),
('2025-08-13', '17:00:00', 1, 1, 0, '', ''),
('2025-08-13', '17:00:00', 2, 1, 0, '', ''),
('2025-08-13', '17:00:00', 3, 1, 0, '', ''),
('2025-08-13', '17:00:00', 4, 1, 0, '', ''),
('2025-08-13', '19:00:00', 1, 1, 0, '', ''),
('2025-08-13', '19:00:00', 2, 1, 0, '', ''),
('2025-08-13', '19:00:00', 3, 1, 0, '', ''),
('2025-08-13', '19:00:00', 4, 1, 0, '', ''),
('2025-08-14', '17:00:00', 1, 1, 0, '', ''),
('2025-08-14', '17:00:00', 2, 1, 0, '', ''),
('2025-08-14', '17:00:00', 3, 1, 0, '', ''),
('2025-08-14', '17:00:00', 4, 1, 0, '', ''),
('2025-08-14', '19:00:00', 1, 1, 0, '', ''),
('2025-08-14', '19:00:00', 2, 1, 0, '', ''),
('2025-08-14', '19:00:00', 3, 1, 0, '', ''),
('2025-08-14', '19:00:00', 4, 1, 0, '', ''),
('2025-08-15', '21:00:00', 1, 1, 0, '', ''),
('2025-08-15', '21:00:00', 2, 1, 0, '', ''),
('2025-08-15', '21:00:00', 3, 1, 0, '', ''),
('2025-08-15', '21:00:00', 4, 1, 0, '', ''),
('2025-08-16', '21:00:00', 1, 1, 0, '', ''),
('2025-08-16', '21:00:00', 2, 1, 0, '', ''),
('2025-08-16', '21:00:00', 3, 1, 0, '', ''),
('2025-08-16', '21:00:00', 4, 1, 0, '', ''),
('2025-08-17', '17:00:00', 1, 1, 0, '', ''),
('2025-08-17', '17:00:00', 2, 1, 0, '', ''),
('2025-08-17', '17:00:00', 3, 1, 0, '', ''),
('2025-08-17', '17:00:00', 4, 1, 0, '', ''),
('2025-08-17', '19:00:00', 1, 1, 0, '', ''),
('2025-08-17', '19:00:00', 2, 1, 0, '', ''),
('2025-08-17', '19:00:00', 3, 1, 0, '', ''),
('2025-08-17', '19:00:00', 4, 1, 0, '', ''),
('2025-08-20', '17:00:00', 1, 1, 0, '', ''),
('2025-08-20', '17:00:00', 2, 1, 0, '', ''),
('2025-08-20', '17:00:00', 3, 1, 0, '', ''),
('2025-08-20', '17:00:00', 4, 1, 0, '', ''),
('2025-08-20', '19:00:00', 1, 1, 0, '', ''),
('2025-08-20', '19:00:00', 2, 1, 0, '', ''),
('2025-08-20', '19:00:00', 3, 1, 0, '', ''),
('2025-08-20', '19:00:00', 4, 1, 0, '', ''),
('2025-08-21', '17:00:00', 1, 1, 0, '', ''),
('2025-08-21', '17:00:00', 2, 1, 0, '', ''),
('2025-08-21', '17:00:00', 3, 1, 0, '', ''),
('2025-08-21', '17:00:00', 4, 1, 0, '', ''),
('2025-08-21', '19:00:00', 1, 1, 0, '', ''),
('2025-08-21', '19:00:00', 2, 1, 0, '', ''),
('2025-08-21', '19:00:00', 3, 1, 0, '', ''),
('2025-08-21', '19:00:00', 4, 1, 0, '', ''),
('2025-08-22', '21:00:00', 1, 1, 0, '', ''),
('2025-08-22', '21:00:00', 2, 1, 0, '', ''),
('2025-08-22', '21:00:00', 3, 1, 0, '', ''),
('2025-08-22', '21:00:00', 4, 1, 0, '', ''),
('2025-08-23', '21:00:00', 1, 1, 0, '', ''),
('2025-08-23', '21:00:00', 2, 1, 0, '', ''),
('2025-08-23', '21:00:00', 3, 1, 0, '', ''),
('2025-08-23', '21:00:00', 4, 1, 0, '', ''),
('2025-08-24', '17:00:00', 1, 1, 0, '', ''),
('2025-08-24', '17:00:00', 2, 1, 0, '', ''),
('2025-08-24', '17:00:00', 3, 1, 0, '', ''),
('2025-08-24', '17:00:00', 4, 1, 0, '', ''),
('2025-08-24', '19:00:00', 1, 1, 0, '', ''),
('2025-08-24', '19:00:00', 2, 1, 0, '', ''),
('2025-08-24', '19:00:00', 3, 1, 0, '', ''),
('2025-08-24', '19:00:00', 4, 1, 0, '', ''),
('2025-08-27', '17:00:00', 1, 1, 0, '', ''),
('2025-08-27', '17:00:00', 2, 1, 0, '', ''),
('2025-08-27', '17:00:00', 3, 1, 0, '', ''),
('2025-08-27', '17:00:00', 4, 1, 0, '', ''),
('2025-08-27', '19:00:00', 1, 1, 0, '', ''),
('2025-08-27', '19:00:00', 2, 1, 0, '', ''),
('2025-08-27', '19:00:00', 3, 1, 0, '', ''),
('2025-08-27', '19:00:00', 4, 1, 0, '', ''),
('2025-08-28', '17:00:00', 1, 1, 0, '', ''),
('2025-08-28', '17:00:00', 2, 1, 0, '', ''),
('2025-08-28', '17:00:00', 3, 1, 0, '', ''),
('2025-08-28', '17:00:00', 4, 1, 0, '', ''),
('2025-08-28', '19:00:00', 1, 1, 0, '', ''),
('2025-08-28', '19:00:00', 2, 1, 0, '', ''),
('2025-08-28', '19:00:00', 3, 1, 0, '', ''),
('2025-08-28', '19:00:00', 4, 1, 0, '', ''),
('2025-08-29', '21:00:00', 1, 1, 0, '', ''),
('2025-08-29', '21:00:00', 2, 1, 0, '', ''),
('2025-08-29', '21:00:00', 3, 1, 0, '', ''),
('2025-08-29', '21:00:00', 4, 1, 0, '', ''),
('2025-08-30', '21:00:00', 1, 1, 0, '', ''),
('2025-08-30', '21:00:00', 2, 1, 0, '', ''),
('2025-08-30', '21:00:00', 3, 1, 0, '', ''),
('2025-08-30', '21:00:00', 4, 1, 0, '', ''),
('2025-08-31', '17:00:00', 1, 1, 0, '', ''),
('2025-08-31', '17:00:00', 2, 1, 0, '', ''),
('2025-08-31', '17:00:00', 3, 1, 0, '', ''),
('2025-08-31', '17:00:00', 4, 1, 0, '', ''),
('2025-08-31', '19:00:00', 1, 1, 0, '', ''),
('2025-08-31', '19:00:00', 2, 1, 0, '', ''),
('2025-08-31', '19:00:00', 3, 1, 0, '', ''),
('2025-08-31', '19:00:00', 4, 1, 0, '', ''),
('2025-09-03', '17:00:00', 1, 1, 0, '', ''),
('2025-09-03', '17:00:00', 2, 1, 0, '', ''),
('2025-09-03', '17:00:00', 3, 1, 0, '', ''),
('2025-09-03', '17:00:00', 4, 1, 0, '', ''),
('2025-09-03', '19:00:00', 1, 1, 0, '', ''),
('2025-09-03', '19:00:00', 2, 1, 0, '', ''),
('2025-09-03', '19:00:00', 3, 1, 0, '', ''),
('2025-09-03', '19:00:00', 4, 1, 0, '', ''),
('2025-09-04', '17:00:00', 1, 1, 0, '', ''),
('2025-09-04', '17:00:00', 2, 1, 0, '', ''),
('2025-09-04', '17:00:00', 3, 1, 0, '', ''),
('2025-09-04', '17:00:00', 4, 1, 0, '', ''),
('2025-09-04', '19:00:00', 1, 1, 0, '', ''),
('2025-09-04', '19:00:00', 2, 1, 0, '', ''),
('2025-09-04', '19:00:00', 3, 1, 0, '', ''),
('2025-09-04', '19:00:00', 4, 1, 0, '', ''),
('2025-09-05', '21:00:00', 1, 1, 0, '', ''),
('2025-09-05', '21:00:00', 2, 1, 0, '', ''),
('2025-09-05', '21:00:00', 3, 1, 0, '', ''),
('2025-09-05', '21:00:00', 4, 1, 0, '', ''),
('2025-09-06', '21:00:00', 1, 1, 0, '', ''),
('2025-09-06', '21:00:00', 2, 1, 0, '', ''),
('2025-09-06', '21:00:00', 3, 1, 0, '', ''),
('2025-09-06', '21:00:00', 4, 1, 0, '', ''),
('2025-09-07', '17:00:00', 1, 1, 0, '', ''),
('2025-09-07', '17:00:00', 2, 1, 0, '', ''),
('2025-09-07', '17:00:00', 3, 1, 0, '', ''),
('2025-09-07', '17:00:00', 4, 1, 0, '', ''),
('2025-09-07', '19:00:00', 1, 1, 0, '', ''),
('2025-09-07', '19:00:00', 2, 1, 0, '', ''),
('2025-09-07', '19:00:00', 3, 1, 0, '', ''),
('2025-09-07', '19:00:00', 4, 1, 0, '', ''),
('2025-09-10', '17:00:00', 1, 1, 0, '', ''),
('2025-09-10', '17:00:00', 2, 1, 0, '', ''),
('2025-09-10', '17:00:00', 3, 1, 0, '', ''),
('2025-09-10', '17:00:00', 4, 1, 0, '', ''),
('2025-09-10', '19:00:00', 1, 1, 0, '', ''),
('2025-09-10', '19:00:00', 2, 1, 0, '', ''),
('2025-09-10', '19:00:00', 3, 1, 0, '', ''),
('2025-09-10', '19:00:00', 4, 1, 0, '', ''),
('2025-09-11', '17:00:00', 1, 1, 0, '', ''),
('2025-09-11', '17:00:00', 2, 1, 0, '', ''),
('2025-09-11', '17:00:00', 3, 1, 0, '', ''),
('2025-09-11', '17:00:00', 4, 1, 0, '', ''),
('2025-09-11', '19:00:00', 1, 1, 0, '', ''),
('2025-09-11', '19:00:00', 2, 1, 0, '', ''),
('2025-09-11', '19:00:00', 3, 1, 0, '', ''),
('2025-09-11', '19:00:00', 4, 1, 0, '', ''),
('2025-09-12', '21:00:00', 1, 1, 0, '', ''),
('2025-09-12', '21:00:00', 2, 1, 0, '', ''),
('2025-09-12', '21:00:00', 3, 1, 0, '', ''),
('2025-09-12', '21:00:00', 4, 1, 0, '', ''),
('2025-09-13', '21:00:00', 1, 1, 0, '', ''),
('2025-09-13', '21:00:00', 2, 1, 0, '', ''),
('2025-09-13', '21:00:00', 3, 1, 0, '', ''),
('2025-09-13', '21:00:00', 4, 1, 0, '', ''),
('2025-09-14', '17:00:00', 1, 1, 0, '', ''),
('2025-09-14', '17:00:00', 2, 1, 0, '', ''),
('2025-09-14', '17:00:00', 3, 1, 0, '', ''),
('2025-09-14', '17:00:00', 4, 1, 0, '', ''),
('2025-09-14', '19:00:00', 1, 1, 0, '', ''),
('2025-09-14', '19:00:00', 2, 1, 0, '', ''),
('2025-09-14', '19:00:00', 3, 1, 0, '', ''),
('2025-09-14', '19:00:00', 4, 1, 0, '', ''),
('2025-09-17', '17:00:00', 1, 1, 0, '', ''),
('2025-09-17', '17:00:00', 2, 1, 0, '', ''),
('2025-09-17', '17:00:00', 3, 1, 0, '', ''),
('2025-09-17', '17:00:00', 4, 1, 0, '', ''),
('2025-09-17', '19:00:00', 1, 1, 0, '', ''),
('2025-09-17', '19:00:00', 2, 1, 0, '', ''),
('2025-09-17', '19:00:00', 3, 1, 0, '', ''),
('2025-09-17', '19:00:00', 4, 1, 0, '', ''),
('2025-09-18', '17:00:00', 1, 1, 0, '', ''),
('2025-09-18', '17:00:00', 2, 1, 0, '', ''),
('2025-09-18', '17:00:00', 3, 1, 0, '', ''),
('2025-09-18', '17:00:00', 4, 1, 0, '', ''),
('2025-09-18', '19:00:00', 1, 1, 0, '', ''),
('2025-09-18', '19:00:00', 2, 1, 0, '', ''),
('2025-09-18', '19:00:00', 3, 1, 0, '', ''),
('2025-09-18', '19:00:00', 4, 1, 0, '', ''),
('2025-09-19', '21:00:00', 1, 1, 0, '', ''),
('2025-09-19', '21:00:00', 2, 1, 0, '', ''),
('2025-09-19', '21:00:00', 3, 1, 0, '', ''),
('2025-09-19', '21:00:00', 4, 1, 0, '', ''),
('2025-09-20', '21:00:00', 1, 1, 0, '', ''),
('2025-09-20', '21:00:00', 2, 1, 0, '', ''),
('2025-09-20', '21:00:00', 3, 1, 0, '', ''),
('2025-09-20', '21:00:00', 4, 1, 0, '', ''),
('2025-09-21', '17:00:00', 1, 1, 0, '', ''),
('2025-09-21', '17:00:00', 2, 1, 0, '', ''),
('2025-09-21', '17:00:00', 3, 1, 0, '', ''),
('2025-09-21', '17:00:00', 4, 1, 0, '', ''),
('2025-09-21', '19:00:00', 1, 1, 0, '', ''),
('2025-09-21', '19:00:00', 2, 1, 0, '', ''),
('2025-09-21', '19:00:00', 3, 1, 0, '', ''),
('2025-09-21', '19:00:00', 4, 1, 0, '', ''),
('2025-09-24', '17:00:00', 1, 1, 0, '', ''),
('2025-09-24', '17:00:00', 2, 1, 0, '', ''),
('2025-09-24', '17:00:00', 3, 1, 0, '', ''),
('2025-09-24', '17:00:00', 4, 1, 0, '', ''),
('2025-09-24', '19:00:00', 1, 1, 0, '', ''),
('2025-09-24', '19:00:00', 2, 1, 0, '', ''),
('2025-09-24', '19:00:00', 3, 1, 0, '', ''),
('2025-09-24', '19:00:00', 4, 1, 0, '', ''),
('2025-09-25', '17:00:00', 1, 1, 0, '', ''),
('2025-09-25', '17:00:00', 2, 1, 0, '', ''),
('2025-09-25', '17:00:00', 3, 1, 0, '', ''),
('2025-09-25', '17:00:00', 4, 1, 0, '', ''),
('2025-09-25', '19:00:00', 1, 1, 0, '', ''),
('2025-09-25', '19:00:00', 2, 1, 0, '', ''),
('2025-09-25', '19:00:00', 3, 1, 0, '', ''),
('2025-09-25', '19:00:00', 4, 1, 0, '', ''),
('2025-09-26', '21:00:00', 1, 1, 0, '', ''),
('2025-09-26', '21:00:00', 2, 1, 0, '', ''),
('2025-09-26', '21:00:00', 3, 1, 0, '', ''),
('2025-09-26', '21:00:00', 4, 1, 0, '', ''),
('2025-09-27', '21:00:00', 1, 1, 0, '', ''),
('2025-09-27', '21:00:00', 2, 1, 0, '', ''),
('2025-09-27', '21:00:00', 3, 1, 0, '', ''),
('2025-09-27', '21:00:00', 4, 1, 0, '', ''),
('2025-09-28', '17:00:00', 1, 1, 0, '', ''),
('2025-09-28', '17:00:00', 2, 1, 0, '', ''),
('2025-09-28', '17:00:00', 3, 1, 0, '', ''),
('2025-09-28', '17:00:00', 4, 1, 0, '', ''),
('2025-09-28', '19:00:00', 1, 1, 0, '', ''),
('2025-09-28', '19:00:00', 2, 1, 0, '', ''),
('2025-09-28', '19:00:00', 3, 1, 0, '', ''),
('2025-09-28', '19:00:00', 4, 1, 0, '', ''),
('2025-10-01', '17:00:00', 1, 1, 0, '', ''),
('2025-10-01', '17:00:00', 2, 1, 0, '', ''),
('2025-10-01', '17:00:00', 3, 1, 0, '', ''),
('2025-10-01', '17:00:00', 4, 1, 0, '', ''),
('2025-10-01', '19:00:00', 1, 1, 0, '', ''),
('2025-10-01', '19:00:00', 2, 1, 0, '', ''),
('2025-10-01', '19:00:00', 3, 1, 0, '', ''),
('2025-10-01', '19:00:00', 4, 1, 0, '', ''),
('2025-10-02', '17:00:00', 1, 1, 0, '', ''),
('2025-10-02', '17:00:00', 2, 1, 0, '', ''),
('2025-10-02', '17:00:00', 3, 1, 0, '', ''),
('2025-10-02', '17:00:00', 4, 1, 0, '', ''),
('2025-10-02', '19:00:00', 1, 1, 0, '', ''),
('2025-10-02', '19:00:00', 2, 1, 0, '', ''),
('2025-10-02', '19:00:00', 3, 1, 0, '', ''),
('2025-10-02', '19:00:00', 4, 1, 0, '', ''),
('2025-10-03', '21:00:00', 1, 1, 0, '', ''),
('2025-10-03', '21:00:00', 2, 1, 0, '', ''),
('2025-10-03', '21:00:00', 3, 1, 0, '', ''),
('2025-10-03', '21:00:00', 4, 1, 0, '', ''),
('2025-10-04', '21:00:00', 1, 1, 0, '', ''),
('2025-10-04', '21:00:00', 2, 1, 0, '', ''),
('2025-10-04', '21:00:00', 3, 1, 0, '', ''),
('2025-10-04', '21:00:00', 4, 1, 0, '', ''),
('2025-10-05', '17:00:00', 1, 1, 0, '', ''),
('2025-10-05', '17:00:00', 2, 1, 0, '', ''),
('2025-10-05', '17:00:00', 3, 1, 0, '', ''),
('2025-10-05', '17:00:00', 4, 1, 0, '', ''),
('2025-10-05', '19:00:00', 1, 1, 0, '', ''),
('2025-10-05', '19:00:00', 2, 1, 0, '', ''),
('2025-10-05', '19:00:00', 3, 1, 0, '', ''),
('2025-10-05', '19:00:00', 4, 1, 0, '', ''),
('2025-10-08', '17:00:00', 1, 1, 0, '', ''),
('2025-10-08', '17:00:00', 2, 1, 0, '', ''),
('2025-10-08', '17:00:00', 3, 1, 0, '', ''),
('2025-10-08', '17:00:00', 4, 1, 0, '', ''),
('2025-10-08', '19:00:00', 1, 1, 0, '', ''),
('2025-10-08', '19:00:00', 2, 1, 0, '', ''),
('2025-10-08', '19:00:00', 3, 1, 0, '', ''),
('2025-10-08', '19:00:00', 4, 1, 0, '', ''),
('2025-10-09', '17:00:00', 1, 1, 0, '', ''),
('2025-10-09', '17:00:00', 2, 1, 0, '', ''),
('2025-10-09', '17:00:00', 3, 1, 0, '', ''),
('2025-10-09', '17:00:00', 4, 1, 0, '', ''),
('2025-10-09', '19:00:00', 1, 1, 0, '', ''),
('2025-10-09', '19:00:00', 2, 1, 0, '', ''),
('2025-10-09', '19:00:00', 3, 1, 0, '', ''),
('2025-10-09', '19:00:00', 4, 1, 0, '', ''),
('2025-10-10', '21:00:00', 1, 1, 0, '', ''),
('2025-10-10', '21:00:00', 2, 1, 0, '', ''),
('2025-10-10', '21:00:00', 3, 1, 0, '', ''),
('2025-10-10', '21:00:00', 4, 1, 0, '', ''),
('2025-10-11', '21:00:00', 1, 1, 0, '', ''),
('2025-10-11', '21:00:00', 2, 1, 0, '', ''),
('2025-10-11', '21:00:00', 3, 1, 0, '', ''),
('2025-10-11', '21:00:00', 4, 1, 0, '', ''),
('2025-10-12', '17:00:00', 1, 1, 0, '', ''),
('2025-10-12', '17:00:00', 2, 1, 0, '', ''),
('2025-10-12', '17:00:00', 3, 1, 0, '', ''),
('2025-10-12', '17:00:00', 4, 1, 0, '', ''),
('2025-10-12', '19:00:00', 1, 1, 0, '', ''),
('2025-10-12', '19:00:00', 2, 1, 0, '', ''),
('2025-10-12', '19:00:00', 3, 1, 0, '', ''),
('2025-10-12', '19:00:00', 4, 1, 0, '', ''),
('2025-10-15', '17:00:00', 1, 1, 0, '', ''),
('2025-10-15', '17:00:00', 2, 1, 0, '', ''),
('2025-10-15', '17:00:00', 3, 1, 0, '', ''),
('2025-10-15', '17:00:00', 4, 1, 0, '', ''),
('2025-10-15', '19:00:00', 1, 1, 0, '', ''),
('2025-10-15', '19:00:00', 2, 1, 0, '', ''),
('2025-10-15', '19:00:00', 3, 1, 0, '', ''),
('2025-10-15', '19:00:00', 4, 1, 0, '', ''),
('2025-10-16', '17:00:00', 1, 1, 0, '', ''),
('2025-10-16', '17:00:00', 2, 1, 0, '', ''),
('2025-10-16', '17:00:00', 3, 1, 0, '', ''),
('2025-10-16', '17:00:00', 4, 1, 0, '', ''),
('2025-10-16', '19:00:00', 1, 1, 0, '', ''),
('2025-10-16', '19:00:00', 2, 1, 0, '', ''),
('2025-10-16', '19:00:00', 3, 1, 0, '', ''),
('2025-10-16', '19:00:00', 4, 1, 0, '', ''),
('2025-10-17', '21:00:00', 1, 1, 0, '', ''),
('2025-10-17', '21:00:00', 2, 1, 0, '', ''),
('2025-10-17', '21:00:00', 3, 1, 0, '', ''),
('2025-10-17', '21:00:00', 4, 1, 0, '', ''),
('2025-10-18', '21:00:00', 1, 1, 0, '', ''),
('2025-10-18', '21:00:00', 2, 1, 0, '', ''),
('2025-10-18', '21:00:00', 3, 1, 0, '', ''),
('2025-10-18', '21:00:00', 4, 1, 0, '', ''),
('2025-10-19', '17:00:00', 1, 1, 0, '', ''),
('2025-10-19', '17:00:00', 2, 1, 0, '', ''),
('2025-10-19', '17:00:00', 3, 1, 0, '', ''),
('2025-10-19', '17:00:00', 4, 1, 0, '', ''),
('2025-10-19', '19:00:00', 1, 1, 0, '', ''),
('2025-10-19', '19:00:00', 2, 1, 0, '', ''),
('2025-10-19', '19:00:00', 3, 1, 0, '', ''),
('2025-10-19', '19:00:00', 4, 1, 0, '', ''),
('2025-10-22', '17:00:00', 1, 1, 0, '', ''),
('2025-10-22', '17:00:00', 2, 1, 0, '', ''),
('2025-10-22', '17:00:00', 3, 1, 0, '', ''),
('2025-10-22', '17:00:00', 4, 1, 0, '', ''),
('2025-10-22', '19:00:00', 1, 1, 0, '', ''),
('2025-10-22', '19:00:00', 2, 1, 0, '', ''),
('2025-10-22', '19:00:00', 3, 1, 0, '', ''),
('2025-10-22', '19:00:00', 4, 1, 0, '', ''),
('2025-10-23', '17:00:00', 1, 1, 0, '', ''),
('2025-10-23', '17:00:00', 2, 1, 0, '', ''),
('2025-10-23', '17:00:00', 3, 1, 0, '', ''),
('2025-10-23', '17:00:00', 4, 1, 0, '', ''),
('2025-10-23', '19:00:00', 1, 1, 0, '', ''),
('2025-10-23', '19:00:00', 2, 1, 0, '', ''),
('2025-10-23', '19:00:00', 3, 1, 0, '', ''),
('2025-10-23', '19:00:00', 4, 1, 0, '', ''),
('2025-10-24', '21:00:00', 1, 1, 0, '', ''),
('2025-10-24', '21:00:00', 2, 1, 0, '', ''),
('2025-10-24', '21:00:00', 3, 1, 0, '', ''),
('2025-10-24', '21:00:00', 4, 1, 0, '', ''),
('2025-10-25', '21:00:00', 1, 1, 0, '', ''),
('2025-10-25', '21:00:00', 2, 1, 0, '', ''),
('2025-10-25', '21:00:00', 3, 1, 0, '', ''),
('2025-10-25', '21:00:00', 4, 1, 0, '', ''),
('2025-10-26', '17:00:00', 1, 1, 0, '', ''),
('2025-10-26', '17:00:00', 2, 1, 0, '', ''),
('2025-10-26', '17:00:00', 3, 1, 0, '', ''),
('2025-10-26', '17:00:00', 4, 1, 0, '', ''),
('2025-10-26', '19:00:00', 1, 1, 0, '', ''),
('2025-10-26', '19:00:00', 2, 1, 0, '', ''),
('2025-10-26', '19:00:00', 3, 1, 0, '', ''),
('2025-10-26', '19:00:00', 4, 1, 0, '', ''),
('2025-10-29', '17:00:00', 1, 1, 0, '', ''),
('2025-10-29', '17:00:00', 2, 1, 0, '', ''),
('2025-10-29', '17:00:00', 3, 1, 0, '', ''),
('2025-10-29', '17:00:00', 4, 1, 0, '', ''),
('2025-10-29', '19:00:00', 1, 1, 0, '', ''),
('2025-10-29', '19:00:00', 2, 1, 0, '', ''),
('2025-10-29', '19:00:00', 3, 1, 0, '', ''),
('2025-10-29', '19:00:00', 4, 1, 0, '', ''),
('2025-10-30', '17:00:00', 1, 1, 0, '', ''),
('2025-10-30', '17:00:00', 2, 1, 0, '', ''),
('2025-10-30', '17:00:00', 3, 1, 0, '', ''),
('2025-10-30', '17:00:00', 4, 1, 0, '', ''),
('2025-10-30', '19:00:00', 1, 1, 0, '', ''),
('2025-10-30', '19:00:00', 2, 1, 0, '', ''),
('2025-10-30', '19:00:00', 3, 1, 0, '', ''),
('2025-10-30', '19:00:00', 4, 1, 0, '', ''),
('2025-10-31', '21:00:00', 1, 1, 0, '', ''),
('2025-10-31', '21:00:00', 2, 1, 0, '', ''),
('2025-10-31', '21:00:00', 3, 1, 0, '', ''),
('2025-10-31', '21:00:00', 4, 1, 0, '', ''),
('2025-11-01', '21:00:00', 1, 1, 0, '', ''),
('2025-11-01', '21:00:00', 2, 1, 0, '', ''),
('2025-11-01', '21:00:00', 3, 1, 0, '', ''),
('2025-11-01', '21:00:00', 4, 1, 0, '', ''),
('2025-11-02', '17:00:00', 1, 1, 0, '', ''),
('2025-11-02', '17:00:00', 2, 1, 0, '', ''),
('2025-11-02', '17:00:00', 3, 1, 0, '', ''),
('2025-11-02', '17:00:00', 4, 1, 0, '', ''),
('2025-11-02', '19:00:00', 1, 1, 0, '', ''),
('2025-11-02', '19:00:00', 2, 1, 0, '', ''),
('2025-11-02', '19:00:00', 3, 1, 0, '', ''),
('2025-11-02', '19:00:00', 4, 1, 0, '', ''),
('2025-11-05', '17:00:00', 1, 1, 0, '', ''),
('2025-11-05', '17:00:00', 2, 1, 0, '', ''),
('2025-11-05', '17:00:00', 3, 1, 0, '', ''),
('2025-11-05', '17:00:00', 4, 1, 0, '', ''),
('2025-11-05', '19:00:00', 1, 1, 0, '', ''),
('2025-11-05', '19:00:00', 2, 1, 0, '', ''),
('2025-11-05', '19:00:00', 3, 1, 0, '', ''),
('2025-11-05', '19:00:00', 4, 1, 0, '', ''),
('2025-11-06', '17:00:00', 1, 1, 0, '', ''),
('2025-11-06', '17:00:00', 2, 1, 0, '', ''),
('2025-11-06', '17:00:00', 3, 1, 0, '', ''),
('2025-11-06', '17:00:00', 4, 1, 0, '', ''),
('2025-11-06', '19:00:00', 1, 1, 0, '', ''),
('2025-11-06', '19:00:00', 2, 1, 0, '', ''),
('2025-11-06', '19:00:00', 3, 1, 0, '', ''),
('2025-11-06', '19:00:00', 4, 1, 0, '', ''),
('2025-11-07', '21:00:00', 1, 1, 0, '', ''),
('2025-11-07', '21:00:00', 2, 1, 0, '', ''),
('2025-11-07', '21:00:00', 3, 1, 0, '', ''),
('2025-11-07', '21:00:00', 4, 1, 0, '', ''),
('2025-11-08', '21:00:00', 1, 1, 0, '', ''),
('2025-11-08', '21:00:00', 2, 1, 0, '', ''),
('2025-11-08', '21:00:00', 3, 1, 0, '', ''),
('2025-11-08', '21:00:00', 4, 1, 0, '', ''),
('2025-11-09', '17:00:00', 1, 1, 0, '', ''),
('2025-11-09', '17:00:00', 2, 1, 0, '', ''),
('2025-11-09', '17:00:00', 3, 1, 0, '', ''),
('2025-11-09', '17:00:00', 4, 1, 0, '', ''),
('2025-11-09', '19:00:00', 1, 1, 0, '', ''),
('2025-11-09', '19:00:00', 2, 1, 0, '', ''),
('2025-11-09', '19:00:00', 3, 1, 0, '', ''),
('2025-11-09', '19:00:00', 4, 1, 0, '', ''),
('2025-11-12', '17:00:00', 1, 1, 0, '', ''),
('2025-11-12', '17:00:00', 2, 1, 0, '', ''),
('2025-11-12', '17:00:00', 3, 1, 0, '', ''),
('2025-11-12', '17:00:00', 4, 1, 0, '', ''),
('2025-11-12', '19:00:00', 1, 1, 0, '', ''),
('2025-11-12', '19:00:00', 2, 1, 0, '', ''),
('2025-11-12', '19:00:00', 3, 1, 0, '', ''),
('2025-11-12', '19:00:00', 4, 1, 0, '', ''),
('2025-11-13', '17:00:00', 1, 1, 0, '', ''),
('2025-11-13', '17:00:00', 2, 1, 0, '', ''),
('2025-11-13', '17:00:00', 3, 1, 0, '', ''),
('2025-11-13', '17:00:00', 4, 1, 0, '', ''),
('2025-11-13', '19:00:00', 1, 1, 0, '', ''),
('2025-11-13', '19:00:00', 2, 1, 0, '', ''),
('2025-11-13', '19:00:00', 3, 1, 0, '', ''),
('2025-11-13', '19:00:00', 4, 1, 0, '', ''),
('2025-11-14', '21:00:00', 1, 1, 0, '', ''),
('2025-11-14', '21:00:00', 2, 1, 0, '', ''),
('2025-11-14', '21:00:00', 3, 1, 0, '', ''),
('2025-11-14', '21:00:00', 4, 1, 0, '', ''),
('2025-11-15', '21:00:00', 1, 1, 0, '', ''),
('2025-11-15', '21:00:00', 2, 1, 0, '', ''),
('2025-11-15', '21:00:00', 3, 1, 0, '', ''),
('2025-11-15', '21:00:00', 4, 1, 0, '', ''),
('2025-11-16', '17:00:00', 1, 1, 0, '', ''),
('2025-11-16', '17:00:00', 2, 1, 0, '', ''),
('2025-11-16', '17:00:00', 3, 1, 0, '', ''),
('2025-11-16', '17:00:00', 4, 1, 0, '', ''),
('2025-11-16', '19:00:00', 1, 1, 0, '', ''),
('2025-11-16', '19:00:00', 2, 1, 0, '', ''),
('2025-11-16', '19:00:00', 3, 1, 0, '', ''),
('2025-11-16', '19:00:00', 4, 1, 0, '', ''),
('2025-11-19', '17:00:00', 1, 1, 0, '', ''),
('2025-11-19', '17:00:00', 2, 1, 0, '', ''),
('2025-11-19', '17:00:00', 3, 1, 0, '', ''),
('2025-11-19', '17:00:00', 4, 1, 0, '', ''),
('2025-11-19', '19:00:00', 1, 1, 0, '', ''),
('2025-11-19', '19:00:00', 2, 1, 0, '', ''),
('2025-11-19', '19:00:00', 3, 1, 0, '', ''),
('2025-11-19', '19:00:00', 4, 1, 0, '', ''),
('2025-11-20', '17:00:00', 1, 1, 0, '', ''),
('2025-11-20', '17:00:00', 2, 1, 0, '', ''),
('2025-11-20', '17:00:00', 3, 1, 0, '', ''),
('2025-11-20', '17:00:00', 4, 1, 0, '', ''),
('2025-11-20', '19:00:00', 1, 1, 0, '', ''),
('2025-11-20', '19:00:00', 2, 1, 0, '', ''),
('2025-11-20', '19:00:00', 3, 1, 0, '', ''),
('2025-11-20', '19:00:00', 4, 1, 0, '', ''),
('2025-11-21', '21:00:00', 1, 1, 0, '', ''),
('2025-11-21', '21:00:00', 2, 1, 0, '', ''),
('2025-11-21', '21:00:00', 3, 1, 0, '', ''),
('2025-11-21', '21:00:00', 4, 1, 0, '', ''),
('2025-11-22', '21:00:00', 1, 1, 0, '', ''),
('2025-11-22', '21:00:00', 2, 1, 0, '', ''),
('2025-11-22', '21:00:00', 3, 1, 0, '', ''),
('2025-11-22', '21:00:00', 4, 1, 0, '', ''),
('2025-11-23', '17:00:00', 1, 1, 0, '', ''),
('2025-11-23', '17:00:00', 2, 1, 0, '', ''),
('2025-11-23', '17:00:00', 3, 1, 0, '', ''),
('2025-11-23', '17:00:00', 4, 1, 0, '', ''),
('2025-11-23', '19:00:00', 1, 1, 0, '', ''),
('2025-11-23', '19:00:00', 2, 1, 0, '', ''),
('2025-11-23', '19:00:00', 3, 1, 0, '', ''),
('2025-11-23', '19:00:00', 4, 1, 0, '', ''),
('2025-11-26', '17:00:00', 1, 1, 0, '', ''),
('2025-11-26', '17:00:00', 2, 1, 0, '', ''),
('2025-11-26', '17:00:00', 3, 1, 0, '', ''),
('2025-11-26', '17:00:00', 4, 1, 0, '', ''),
('2025-11-26', '19:00:00', 1, 1, 0, '', ''),
('2025-11-26', '19:00:00', 2, 1, 0, '', ''),
('2025-11-26', '19:00:00', 3, 1, 0, '', ''),
('2025-11-26', '19:00:00', 4, 1, 0, '', ''),
('2025-11-27', '17:00:00', 1, 1, 0, '', ''),
('2025-11-27', '17:00:00', 2, 1, 0, '', ''),
('2025-11-27', '17:00:00', 3, 1, 0, '', ''),
('2025-11-27', '17:00:00', 4, 1, 0, '', ''),
('2025-11-27', '19:00:00', 1, 1, 0, '', ''),
('2025-11-27', '19:00:00', 2, 1, 0, '', ''),
('2025-11-27', '19:00:00', 3, 1, 0, '', ''),
('2025-11-27', '19:00:00', 4, 1, 0, '', ''),
('2025-11-28', '21:00:00', 1, 1, 0, '', ''),
('2025-11-28', '21:00:00', 2, 1, 0, '', ''),
('2025-11-28', '21:00:00', 3, 1, 0, '', ''),
('2025-11-28', '21:00:00', 4, 1, 0, '', ''),
('2025-11-29', '21:00:00', 1, 1, 0, '', ''),
('2025-11-29', '21:00:00', 2, 1, 0, '', ''),
('2025-11-29', '21:00:00', 3, 1, 0, '', ''),
('2025-11-29', '21:00:00', 4, 1, 0, '', ''),
('2025-11-30', '17:00:00', 1, 1, 0, '', ''),
('2025-11-30', '17:00:00', 2, 1, 0, '', ''),
('2025-11-30', '17:00:00', 3, 1, 0, '', ''),
('2025-11-30', '17:00:00', 4, 1, 0, '', ''),
('2025-11-30', '19:00:00', 1, 1, 0, '', ''),
('2025-11-30', '19:00:00', 2, 1, 0, '', ''),
('2025-11-30', '19:00:00', 3, 1, 0, '', ''),
('2025-11-30', '19:00:00', 4, 1, 0, '', ''),
('2025-12-03', '17:00:00', 1, 1, 0, '', ''),
('2025-12-03', '17:00:00', 2, 1, 0, '', ''),
('2025-12-03', '17:00:00', 3, 1, 0, '', ''),
('2025-12-03', '17:00:00', 4, 1, 0, '', ''),
('2025-12-03', '19:00:00', 1, 1, 0, '', ''),
('2025-12-03', '19:00:00', 2, 1, 0, '', ''),
('2025-12-03', '19:00:00', 3, 1, 0, '', ''),
('2025-12-03', '19:00:00', 4, 1, 0, '', ''),
('2025-12-04', '17:00:00', 1, 1, 0, '', ''),
('2025-12-04', '17:00:00', 2, 1, 0, '', ''),
('2025-12-04', '17:00:00', 3, 1, 0, '', ''),
('2025-12-04', '17:00:00', 4, 1, 0, '', ''),
('2025-12-04', '19:00:00', 1, 1, 0, '', ''),
('2025-12-04', '19:00:00', 2, 1, 0, '', ''),
('2025-12-04', '19:00:00', 3, 1, 0, '', ''),
('2025-12-04', '19:00:00', 4, 1, 0, '', ''),
('2025-12-05', '21:00:00', 1, 1, 0, '', ''),
('2025-12-05', '21:00:00', 2, 1, 0, '', ''),
('2025-12-05', '21:00:00', 3, 1, 0, '', ''),
('2025-12-05', '21:00:00', 4, 1, 0, '', ''),
('2025-12-06', '21:00:00', 1, 1, 0, '', ''),
('2025-12-06', '21:00:00', 2, 1, 0, '', ''),
('2025-12-06', '21:00:00', 3, 1, 0, '', ''),
('2025-12-06', '21:00:00', 4, 1, 0, '', ''),
('2025-12-07', '17:00:00', 1, 1, 0, '', ''),
('2025-12-07', '17:00:00', 2, 1, 0, '', ''),
('2025-12-07', '17:00:00', 3, 1, 0, '', ''),
('2025-12-07', '17:00:00', 4, 1, 0, '', ''),
('2025-12-07', '19:00:00', 1, 1, 0, '', ''),
('2025-12-07', '19:00:00', 2, 1, 0, '', ''),
('2025-12-07', '19:00:00', 3, 1, 0, '', ''),
('2025-12-07', '19:00:00', 4, 1, 0, '', ''),
('2025-12-10', '17:00:00', 1, 1, 0, '', ''),
('2025-12-10', '17:00:00', 2, 1, 0, '', ''),
('2025-12-10', '17:00:00', 3, 1, 0, '', ''),
('2025-12-10', '17:00:00', 4, 1, 0, '', ''),
('2025-12-10', '19:00:00', 1, 1, 0, '', ''),
('2025-12-10', '19:00:00', 2, 1, 0, '', ''),
('2025-12-10', '19:00:00', 3, 1, 0, '', ''),
('2025-12-10', '19:00:00', 4, 1, 0, '', ''),
('2025-12-11', '17:00:00', 1, 1, 0, '', ''),
('2025-12-11', '17:00:00', 2, 1, 0, '', ''),
('2025-12-11', '17:00:00', 3, 1, 0, '', ''),
('2025-12-11', '17:00:00', 4, 1, 0, '', ''),
('2025-12-11', '19:00:00', 1, 1, 0, '', ''),
('2025-12-11', '19:00:00', 2, 1, 0, '', ''),
('2025-12-11', '19:00:00', 3, 1, 0, '', ''),
('2025-12-11', '19:00:00', 4, 1, 0, '', ''),
('2025-12-12', '21:00:00', 1, 1, 0, '', ''),
('2025-12-12', '21:00:00', 2, 1, 0, '', ''),
('2025-12-12', '21:00:00', 3, 1, 0, '', ''),
('2025-12-12', '21:00:00', 4, 1, 0, '', ''),
('2025-12-13', '21:00:00', 1, 1, 0, '', ''),
('2025-12-13', '21:00:00', 2, 1, 0, '', ''),
('2025-12-13', '21:00:00', 3, 1, 0, '', ''),
('2025-12-13', '21:00:00', 4, 1, 0, '', ''),
('2025-12-14', '17:00:00', 1, 1, 0, '', ''),
('2025-12-14', '17:00:00', 2, 1, 0, '', ''),
('2025-12-14', '17:00:00', 3, 1, 0, '', ''),
('2025-12-14', '17:00:00', 4, 1, 0, '', ''),
('2025-12-14', '19:00:00', 1, 1, 0, '', ''),
('2025-12-14', '19:00:00', 2, 1, 0, '', ''),
('2025-12-14', '19:00:00', 3, 1, 0, '', ''),
('2025-12-14', '19:00:00', 4, 1, 0, '', ''),
('2025-12-17', '17:00:00', 1, 1, 0, '', ''),
('2025-12-17', '17:00:00', 2, 1, 0, '', ''),
('2025-12-17', '17:00:00', 3, 1, 0, '', ''),
('2025-12-17', '17:00:00', 4, 1, 0, '', ''),
('2025-12-17', '19:00:00', 1, 1, 0, '', ''),
('2025-12-17', '19:00:00', 2, 1, 0, '', ''),
('2025-12-17', '19:00:00', 3, 1, 0, '', ''),
('2025-12-17', '19:00:00', 4, 1, 0, '', ''),
('2025-12-18', '17:00:00', 1, 1, 0, '', ''),
('2025-12-18', '17:00:00', 2, 1, 0, '', ''),
('2025-12-18', '17:00:00', 3, 1, 0, '', ''),
('2025-12-18', '17:00:00', 4, 1, 0, '', ''),
('2025-12-18', '19:00:00', 1, 1, 0, '', ''),
('2025-12-18', '19:00:00', 2, 1, 0, '', ''),
('2025-12-18', '19:00:00', 3, 1, 0, '', ''),
('2025-12-18', '19:00:00', 4, 1, 0, '', ''),
('2025-12-19', '21:00:00', 1, 1, 0, '', ''),
('2025-12-19', '21:00:00', 2, 1, 0, '', ''),
('2025-12-19', '21:00:00', 3, 1, 0, '', ''),
('2025-12-19', '21:00:00', 4, 1, 0, '', ''),
('2025-12-20', '21:00:00', 1, 1, 0, '', ''),
('2025-12-20', '21:00:00', 2, 1, 0, '', ''),
('2025-12-20', '21:00:00', 3, 1, 0, '', ''),
('2025-12-20', '21:00:00', 4, 1, 0, '', ''),
('2025-12-21', '17:00:00', 1, 1, 0, '', ''),
('2025-12-21', '17:00:00', 2, 1, 0, '', ''),
('2025-12-21', '17:00:00', 3, 1, 0, '', ''),
('2025-12-21', '17:00:00', 4, 1, 0, '', ''),
('2025-12-21', '19:00:00', 1, 1, 0, '', ''),
('2025-12-21', '19:00:00', 2, 1, 0, '', ''),
('2025-12-21', '19:00:00', 3, 1, 0, '', ''),
('2025-12-21', '19:00:00', 4, 1, 0, '', ''),
('2025-12-24', '17:00:00', 1, 1, 0, '', ''),
('2025-12-24', '17:00:00', 2, 1, 0, '', ''),
('2025-12-24', '17:00:00', 3, 1, 0, '', ''),
('2025-12-24', '17:00:00', 4, 1, 0, '', ''),
('2025-12-24', '19:00:00', 1, 1, 0, '', ''),
('2025-12-24', '19:00:00', 2, 1, 0, '', ''),
('2025-12-24', '19:00:00', 3, 1, 0, '', ''),
('2025-12-24', '19:00:00', 4, 1, 0, '', ''),
('2025-12-25', '17:00:00', 1, 1, 0, '', ''),
('2025-12-25', '17:00:00', 2, 1, 0, '', ''),
('2025-12-25', '17:00:00', 3, 1, 0, '', ''),
('2025-12-25', '17:00:00', 4, 1, 0, '', ''),
('2025-12-25', '19:00:00', 1, 1, 0, '', ''),
('2025-12-25', '19:00:00', 2, 1, 0, '', ''),
('2025-12-25', '19:00:00', 3, 1, 0, '', ''),
('2025-12-25', '19:00:00', 4, 1, 0, '', ''),
('2025-12-26', '21:00:00', 1, 1, 0, '', ''),
('2025-12-26', '21:00:00', 2, 1, 0, '', ''),
('2025-12-26', '21:00:00', 3, 1, 0, '', ''),
('2025-12-26', '21:00:00', 4, 1, 0, '', ''),
('2025-12-27', '21:00:00', 1, 1, 0, '', ''),
('2025-12-27', '21:00:00', 2, 1, 0, '', ''),
('2025-12-27', '21:00:00', 3, 1, 0, '', ''),
('2025-12-27', '21:00:00', 4, 1, 0, '', ''),
('2025-12-28', '17:00:00', 1, 1, 0, '', ''),
('2025-12-28', '17:00:00', 2, 1, 0, '', ''),
('2025-12-28', '17:00:00', 3, 1, 0, '', ''),
('2025-12-28', '17:00:00', 4, 1, 0, '', ''),
('2025-12-28', '19:00:00', 1, 1, 0, '', ''),
('2025-12-28', '19:00:00', 2, 1, 0, '', ''),
('2025-12-28', '19:00:00', 3, 1, 0, '', ''),
('2025-12-28', '19:00:00', 4, 1, 0, '', ''),
('2025-12-31', '17:00:00', 1, 1, 0, '', ''),
('2025-12-31', '17:00:00', 2, 1, 0, '', ''),
('2025-12-31', '17:00:00', 3, 1, 0, '', ''),
('2025-12-31', '17:00:00', 4, 1, 0, '', ''),
('2025-12-31', '19:00:00', 1, 1, 0, '', ''),
('2025-12-31', '19:00:00', 2, 1, 0, '', ''),
('2025-12-31', '19:00:00', 3, 1, 0, '', ''),
('2025-12-31', '19:00:00', 4, 1, 0, '', '');

-- --------------------------------------------------------

--
-- Tabellenstruktur für Tabelle `roles`
--

CREATE TABLE `roles` (
  `role_id` int(11) NOT NULL,
  `role_name` varchar(255) DEFAULT NULL
) ENGINE=InnoDB DEFAULT CHARSET=utf8mb4 COLLATE=utf8mb4_unicode_ci;

--
-- Daten für Tabelle `roles`
--

INSERT INTO `roles` (`role_id`, `role_name`) VALUES
(1, 'Owner'),
(2, 'Manager'),
(3, 'Coock'),
(4, 'Service'),
(5, 'Cleaner'),
(6, 'Guest');

-- --------------------------------------------------------

--
-- Tabellenstruktur für Tabelle `states`
--

CREATE TABLE `states` (
  `state_id` int(11) NOT NULL,
  `state_name` varchar(255) DEFAULT NULL
) ENGINE=InnoDB DEFAULT CHARSET=utf8mb4 COLLATE=utf8mb4_unicode_ci;

--
-- Daten für Tabelle `states`
--

INSERT INTO `states` (`state_id`, `state_name`) VALUES
(1, 'frei'),
(2, 'reserviert');

-- --------------------------------------------------------

--
-- Tabellenstruktur für Tabelle `tables`
--

CREATE TABLE `tables` (
  `table_id` int(11) NOT NULL,
  `table_name` varchar(255) DEFAULT NULL
) ENGINE=InnoDB DEFAULT CHARSET=utf8mb4 COLLATE=utf8mb4_unicode_ci;

--
-- Daten für Tabelle `tables`
--

INSERT INTO `tables` (`table_id`, `table_name`) VALUES
(1, 'Tisch 1'),
(2, 'Tisch 2'),
(3, 'Tisch 3'),
(4, 'Tisch 4'),
(5, 'Bar 1');

-- --------------------------------------------------------

--
-- Tabellenstruktur für Tabelle `years`
--

CREATE TABLE `years` (
  `year_id` int(11) NOT NULL,
  `year` int(11) DEFAULT NULL,
  `condition_id` int(11) DEFAULT NULL
) ENGINE=InnoDB DEFAULT CHARSET=utf8mb4 COLLATE=utf8mb4_unicode_ci;

--
-- Daten für Tabelle `years`
--

INSERT INTO `years` (`year_id`, `year`, `condition_id`) VALUES
(1, 2023, 2),
(2, 2024, 1),
(3, 2025, 1),
(4, 2026, 1),
(5, 2027, 1),
(6, 2028, 1),
(7, 2029, 1),
(8, 2030, 2);

--
-- Indizes der exportierten Tabellen
--

--
-- Indizes für die Tabelle `categories`
--
ALTER TABLE `categories`
  ADD PRIMARY KEY (`category_id`);

--
-- Indizes für die Tabelle `cocktails`
--
ALTER TABLE `cocktails`
  ADD PRIMARY KEY (`cocktail_id`);

--
-- Indizes für die Tabelle `conditions`
--
ALTER TABLE `conditions`
  ADD PRIMARY KEY (`condition_id`);

--
-- Indizes für die Tabelle `days`
--
ALTER TABLE `days`
  ADD PRIMARY KEY (`day_id`),
  ADD KEY `condition_id` (`condition_id`);

--
-- Indizes für die Tabelle `degrees`
--
ALTER TABLE `degrees`
  ADD PRIMARY KEY (`degree_id`);

--
-- Indizes für die Tabelle `emails`
--
ALTER TABLE `emails`
  ADD PRIMARY KEY (`email_id`);

--
-- Indizes für die Tabelle `hours`
--
ALTER TABLE `hours`
  ADD PRIMARY KEY (`hour_id`),
  ADD KEY `day_id` (`day_id`),
  ADD KEY `condition_id` (`condition_id`);

--
-- Indizes für die Tabelle `locations`
--
ALTER TABLE `locations`
  ADD PRIMARY KEY (`location_id`);

--
-- Indizes für die Tabelle `menues`
--
ALTER TABLE `menues`
  ADD PRIMARY KEY (`menu_id`),
  ADD KEY `category_id` (`category_id`);

--
-- Indizes für die Tabelle `months`
--
ALTER TABLE `months`
  ADD PRIMARY KEY (`month_id`),
  ADD KEY `condition_id` (`condition_id`);

--
-- Indizes für die Tabelle `persons`
--
ALTER TABLE `persons`
  ADD PRIMARY KEY (`person_id`),
  ADD KEY `role_id` (`role_id`),
  ADD KEY `email_id` (`email_id`);

--
-- Indizes für die Tabelle `places`
--
ALTER TABLE `places`
  ADD PRIMARY KEY (`place_id`),
  ADD KEY `day_id` (`day_id`),
  ADD KEY `hour_id` (`hour_id`),
  ADD KEY `host_id` (`host_id`),
  ADD KEY `guest_id` (`guest_id`),
  ADD KEY `state_id` (`state_id`),
  ADD KEY `location_id` (`location_id`),
  ADD KEY `table_id` (`table_id`);

--
-- Indizes für die Tabelle `playlist`
--
ALTER TABLE `playlist`
  ADD PRIMARY KEY (`track_id`);

--
-- Indizes für die Tabelle `reservations`
--
ALTER TABLE `reservations`
  ADD PRIMARY KEY (`date_field`,`time_field`,`table_id`);

--
-- Indizes für die Tabelle `roles`
--
ALTER TABLE `roles`
  ADD PRIMARY KEY (`role_id`);

--
-- Indizes für die Tabelle `states`
--
ALTER TABLE `states`
  ADD PRIMARY KEY (`state_id`);

--
-- Indizes für die Tabelle `tables`
--
ALTER TABLE `tables`
  ADD PRIMARY KEY (`table_id`);

--
-- Indizes für die Tabelle `years`
--
ALTER TABLE `years`
  ADD PRIMARY KEY (`year_id`),
  ADD KEY `condition_id` (`condition_id`);

--
-- AUTO_INCREMENT für exportierte Tabellen
--

--
-- AUTO_INCREMENT für Tabelle `categories`
--
ALTER TABLE `categories`
  MODIFY `category_id` int(11) NOT NULL AUTO_INCREMENT, AUTO_INCREMENT=11;

--
-- AUTO_INCREMENT für Tabelle `conditions`
--
ALTER TABLE `conditions`
  MODIFY `condition_id` int(11) NOT NULL AUTO_INCREMENT, AUTO_INCREMENT=3;

--
-- AUTO_INCREMENT für Tabelle `days`
--
ALTER TABLE `days`
  MODIFY `day_id` int(11) NOT NULL AUTO_INCREMENT, AUTO_INCREMENT=8;

--
-- AUTO_INCREMENT für Tabelle `degrees`
--
ALTER TABLE `degrees`
  MODIFY `degree_id` int(11) NOT NULL AUTO_INCREMENT, AUTO_INCREMENT=7;

--
-- AUTO_INCREMENT für Tabelle `emails`
--
ALTER TABLE `emails`
  MODIFY `email_id` int(11) NOT NULL AUTO_INCREMENT, AUTO_INCREMENT=26;

--
-- AUTO_INCREMENT für Tabelle `hours`
--
ALTER TABLE `hours`
  MODIFY `hour_id` int(11) NOT NULL AUTO_INCREMENT, AUTO_INCREMENT=22;

--
-- AUTO_INCREMENT für Tabelle `locations`
--
ALTER TABLE `locations`
  MODIFY `location_id` int(11) NOT NULL AUTO_INCREMENT, AUTO_INCREMENT=3;

--
-- AUTO_INCREMENT für Tabelle `menues`
--
ALTER TABLE `menues`
  MODIFY `menu_id` int(11) NOT NULL AUTO_INCREMENT, AUTO_INCREMENT=41;

--
-- AUTO_INCREMENT für Tabelle `months`
--
ALTER TABLE `months`
  MODIFY `month_id` int(11) NOT NULL AUTO_INCREMENT, AUTO_INCREMENT=13;

--
-- AUTO_INCREMENT für Tabelle `persons`
--
ALTER TABLE `persons`
  MODIFY `person_id` int(11) NOT NULL AUTO_INCREMENT, AUTO_INCREMENT=26;

--
-- AUTO_INCREMENT für Tabelle `places`
--
ALTER TABLE `places`
  MODIFY `place_id` int(11) NOT NULL AUTO_INCREMENT, AUTO_INCREMENT=23;

--
-- AUTO_INCREMENT für Tabelle `playlist`
--
ALTER TABLE `playlist`
  MODIFY `track_id` int(11) NOT NULL AUTO_INCREMENT, AUTO_INCREMENT=108;

--
-- AUTO_INCREMENT für Tabelle `roles`
--
ALTER TABLE `roles`
  MODIFY `role_id` int(11) NOT NULL AUTO_INCREMENT, AUTO_INCREMENT=7;

--
-- AUTO_INCREMENT für Tabelle `states`
--
ALTER TABLE `states`
  MODIFY `state_id` int(11) NOT NULL AUTO_INCREMENT, AUTO_INCREMENT=3;

--
-- AUTO_INCREMENT für Tabelle `tables`
--
ALTER TABLE `tables`
  MODIFY `table_id` int(11) NOT NULL AUTO_INCREMENT, AUTO_INCREMENT=6;

--
-- AUTO_INCREMENT für Tabelle `years`
--
ALTER TABLE `years`
  MODIFY `year_id` int(11) NOT NULL AUTO_INCREMENT, AUTO_INCREMENT=9;

--
-- Constraints der exportierten Tabellen
--

--
-- Constraints der Tabelle `days`
--
ALTER TABLE `days`
  ADD CONSTRAINT `days_ibfk_1` FOREIGN KEY (`condition_id`) REFERENCES `conditions` (`condition_id`);

--
-- Constraints der Tabelle `hours`
--
ALTER TABLE `hours`
  ADD CONSTRAINT `hours_ibfk_1` FOREIGN KEY (`day_id`) REFERENCES `days` (`day_id`),
  ADD CONSTRAINT `hours_ibfk_2` FOREIGN KEY (`condition_id`) REFERENCES `conditions` (`condition_id`);

--
-- Constraints der Tabelle `menues`
--
ALTER TABLE `menues`
  ADD CONSTRAINT `menues_ibfk_1` FOREIGN KEY (`category_id`) REFERENCES `categories` (`category_id`);

--
-- Constraints der Tabelle `months`
--
ALTER TABLE `months`
  ADD CONSTRAINT `months_ibfk_1` FOREIGN KEY (`condition_id`) REFERENCES `conditions` (`condition_id`);

--
-- Constraints der Tabelle `persons`
--
ALTER TABLE `persons`
  ADD CONSTRAINT `persons_ibfk_1` FOREIGN KEY (`role_id`) REFERENCES `roles` (`role_id`),
  ADD CONSTRAINT `persons_ibfk_2` FOREIGN KEY (`email_id`) REFERENCES `emails` (`email_id`);

--
-- Constraints der Tabelle `places`
--
ALTER TABLE `places`
  ADD CONSTRAINT `places_ibfk_1` FOREIGN KEY (`day_id`) REFERENCES `days` (`day_id`),
  ADD CONSTRAINT `places_ibfk_2` FOREIGN KEY (`hour_id`) REFERENCES `hours` (`hour_id`),
  ADD CONSTRAINT `places_ibfk_3` FOREIGN KEY (`host_id`) REFERENCES `persons` (`person_id`),
  ADD CONSTRAINT `places_ibfk_4` FOREIGN KEY (`guest_id`) REFERENCES `persons` (`person_id`),
  ADD CONSTRAINT `places_ibfk_5` FOREIGN KEY (`state_id`) REFERENCES `states` (`state_id`),
  ADD CONSTRAINT `places_ibfk_6` FOREIGN KEY (`location_id`) REFERENCES `locations` (`location_id`),
  ADD CONSTRAINT `places_ibfk_7` FOREIGN KEY (`table_id`) REFERENCES `tables` (`table_id`);

--
-- Constraints der Tabelle `years`
--
ALTER TABLE `years`
  ADD CONSTRAINT `years_ibfk_1` FOREIGN KEY (`condition_id`) REFERENCES `conditions` (`condition_id`);
COMMIT;

/*!40101 SET CHARACTER_SET_CLIENT=@OLD_CHARACTER_SET_CLIENT */;
/*!40101 SET CHARACTER_SET_RESULTS=@OLD_CHARACTER_SET_RESULTS */;
/*!40101 SET COLLATION_CONNECTION=@OLD_COLLATION_CONNECTION */;
